[{"ID":"79","Nome":"Acrelândia","Estado":"1"},{"ID":"80","Nome":"Assis Brasil","Estado":"1"},{"ID":"81","Nome":"Brasiléia","Estado":"1"},{"ID":"82","Nome":"Bujari","Estado":"1"},{"ID":"83","Nome":"Capixaba","Estado":"1"},{"ID":"84","Nome":"Cruzeiro do Sul","Estado":"1"},{"ID":"85","Nome":"Epitaciolândia","Estado":"1"},{"ID":"86","Nome":"Feijó","Estado":"1"},{"ID":"87","Nome":"Jordão","Estado":"1"},{"ID":"88","Nome":"Mâncio Lima","Estado":"1"},{"ID":"89","Nome":"Manoel Urbano","Estado":"1"},{"ID":"90","Nome":"Marechal Thaumaturgo","Estado":"1"},{"ID":"91","Nome":"Plácido de Castro","Estado":"1"},{"ID":"92","Nome":"Porto Acre","Estado":"1"},{"ID":"93","Nome":"Porto Walter","Estado":"1"},{"ID":"94","Nome":"Rio Branco","Estado":"1"},{"ID":"95","Nome":"Rodrigues Alves","Estado":"1"},{"ID":"96","Nome":"Santa Rosa do Purus","Estado":"1"},{"ID":"97","Nome":"Sena Madureira","Estado":"1"},{"ID":"98","Nome":"Senador Guiomard","Estado":"1"},{"ID":"99","Nome":"Tarauacá","Estado":"1"},{"ID":"100","Nome":"Xapuri","Estado":"1"}]