[{"ID":"101","Nome":"Água Branca","Estado":"2"},{"ID":"102","Nome":"Anadia","Estado":"2"},{"ID":"103","Nome":"Arapiraca","Estado":"2"},{"ID":"104","Nome":"Atalaia","Estado":"2"},{"ID":"105","Nome":"Barra de Santo Antônio","Estado":"2"},{"ID":"106","Nome":"Barra de São Miguel","Estado":"2"},{"ID":"107","Nome":"Batalha","Estado":"2"},{"ID":"108","Nome":"Belém","Estado":"2"},{"ID":"109","Nome":"Belo Monte","Estado":"2"},{"ID":"110","Nome":"Boca da Mata","Estado":"2"},{"ID":"111","Nome":"Branquinha","Estado":"2"},{"ID":"112","Nome":"Cacimbinhas","Estado":"2"},{"ID":"113","Nome":"Cajueiro","Estado":"2"},{"ID":"114","Nome":"Campestre","Estado":"2"},{"ID":"115","Nome":"Campo Alegre","Estado":"2"},{"ID":"116","Nome":"Campo Grande","Estado":"2"},{"ID":"117","Nome":"Canapi","Estado":"2"},{"ID":"118","Nome":"Capela","Estado":"2"},{"ID":"119","Nome":"Carneiros","Estado":"2"},{"ID":"120","Nome":"Chã Preta","Estado":"2"},{"ID":"121","Nome":"Coité do Nóia","Estado":"2"},{"ID":"122","Nome":"Colônia Leopoldina","Estado":"2"},{"ID":"123","Nome":"Coqueiro Seco","Estado":"2"},{"ID":"124","Nome":"Coruripe","Estado":"2"},{"ID":"125","Nome":"Craíbas","Estado":"2"},{"ID":"126","Nome":"Delmiro Gouveia","Estado":"2"},{"ID":"127","Nome":"Dois Riachos","Estado":"2"},{"ID":"128","Nome":"Estrela de Alagoas","Estado":"2"},{"ID":"129","Nome":"Feira Grande","Estado":"2"},{"ID":"130","Nome":"Feliz Deserto","Estado":"2"},{"ID":"131","Nome":"Flexeiras","Estado":"2"},{"ID":"132","Nome":"Girau do Ponciano","Estado":"2"},{"ID":"133","Nome":"Ibateguara","Estado":"2"},{"ID":"134","Nome":"Igaci","Estado":"2"},{"ID":"135","Nome":"Igreja Nova","Estado":"2"},{"ID":"136","Nome":"Inhapi","Estado":"2"},{"ID":"137","Nome":"Jacaré dos Homens","Estado":"2"},{"ID":"138","Nome":"Jacuípe","Estado":"2"},{"ID":"139","Nome":"Japaratinga","Estado":"2"},{"ID":"140","Nome":"Jaramataia","Estado":"2"},{"ID":"141","Nome":"Jequiá da Praia","Estado":"2"},{"ID":"142","Nome":"Joaquim Gomes","Estado":"2"},{"ID":"143","Nome":"Jundiá","Estado":"2"},{"ID":"144","Nome":"Junqueiro","Estado":"2"},{"ID":"145","Nome":"Lagoa da Canoa","Estado":"2"},{"ID":"146","Nome":"Limoeiro de Anadia","Estado":"2"},{"ID":"147","Nome":"Maceió","Estado":"2"},{"ID":"148","Nome":"Major Isidoro","Estado":"2"},{"ID":"149","Nome":"Mar Vermelho","Estado":"2"},{"ID":"150","Nome":"Maragogi","Estado":"2"},{"ID":"151","Nome":"Maravilha","Estado":"2"},{"ID":"152","Nome":"Marechal Deodoro","Estado":"2"},{"ID":"153","Nome":"Maribondo","Estado":"2"},{"ID":"154","Nome":"Mata Grande","Estado":"2"},{"ID":"155","Nome":"Matriz de Camaragibe","Estado":"2"},{"ID":"156","Nome":"Messias","Estado":"2"},{"ID":"157","Nome":"Minador do Negrão","Estado":"2"},{"ID":"158","Nome":"Monteirópolis","Estado":"2"},{"ID":"159","Nome":"Murici","Estado":"2"},{"ID":"160","Nome":"Novo Lino","Estado":"2"},{"ID":"161","Nome":"Olho d`Água das Flores","Estado":"2"},{"ID":"162","Nome":"Olho d`Água do Casado","Estado":"2"},{"ID":"163","Nome":"Olho d`Água Grande","Estado":"2"},{"ID":"164","Nome":"Olivença","Estado":"2"},{"ID":"165","Nome":"Ouro Branco","Estado":"2"},{"ID":"166","Nome":"Palestina","Estado":"2"},{"ID":"167","Nome":"Palmeira dos Índios","Estado":"2"},{"ID":"168","Nome":"Pão de Açúcar","Estado":"2"},{"ID":"169","Nome":"Pariconha","Estado":"2"},{"ID":"170","Nome":"Paripueira","Estado":"2"},{"ID":"171","Nome":"Passo de Camaragibe","Estado":"2"},{"ID":"172","Nome":"Paulo Jacinto","Estado":"2"},{"ID":"173","Nome":"Penedo","Estado":"2"},{"ID":"174","Nome":"Piaçabuçu","Estado":"2"},{"ID":"175","Nome":"Pilar","Estado":"2"},{"ID":"176","Nome":"Pindoba","Estado":"2"},{"ID":"177","Nome":"Piranhas","Estado":"2"},{"ID":"178","Nome":"Poço das Trincheiras","Estado":"2"},{"ID":"179","Nome":"Porto Calvo","Estado":"2"},{"ID":"180","Nome":"Porto de Pedras","Estado":"2"},{"ID":"181","Nome":"Porto Real do Colégio","Estado":"2"},{"ID":"182","Nome":"Quebrangulo","Estado":"2"},{"ID":"183","Nome":"Rio Largo","Estado":"2"},{"ID":"184","Nome":"Roteiro","Estado":"2"},{"ID":"185","Nome":"Santa Luzia do Norte","Estado":"2"},{"ID":"186","Nome":"Santana do Ipanema","Estado":"2"},{"ID":"187","Nome":"Santana do Mundaú","Estado":"2"},{"ID":"188","Nome":"São Brás","Estado":"2"},{"ID":"189","Nome":"São José da Laje","Estado":"2"},{"ID":"190","Nome":"São José da Tapera","Estado":"2"},{"ID":"191","Nome":"São Luís do Quitunde","Estado":"2"},{"ID":"192","Nome":"São Miguel dos Campos","Estado":"2"},{"ID":"193","Nome":"São Miguel dos Milagres","Estado":"2"},{"ID":"194","Nome":"São Sebastião","Estado":"2"},{"ID":"195","Nome":"Satuba","Estado":"2"},{"ID":"196","Nome":"Senador Rui Palmeira","Estado":"2"},{"ID":"197","Nome":"Tanque d`Arca","Estado":"2"},{"ID":"198","Nome":"Taquarana","Estado":"2"},{"ID":"199","Nome":"Teotônio Vilela","Estado":"2"},{"ID":"200","Nome":"Traipu","Estado":"2"},{"ID":"201","Nome":"União dos Palmares","Estado":"2"},{"ID":"202","Nome":"Viçosa","Estado":"2"}]