[{"ID":"219","Nome":"Alvarães","Estado":"3"},{"ID":"220","Nome":"Amaturá","Estado":"3"},{"ID":"221","Nome":"Anamã","Estado":"3"},{"ID":"222","Nome":"Anori","Estado":"3"},{"ID":"223","Nome":"Apuí","Estado":"3"},{"ID":"224","Nome":"Atalaia do Norte","Estado":"3"},{"ID":"225","Nome":"Autazes","Estado":"3"},{"ID":"226","Nome":"Barcelos","Estado":"3"},{"ID":"227","Nome":"Barreirinha","Estado":"3"},{"ID":"228","Nome":"Benjamin Constant","Estado":"3"},{"ID":"229","Nome":"Beruri","Estado":"3"},{"ID":"230","Nome":"Boa Vista do Ramos","Estado":"3"},{"ID":"231","Nome":"Boca do Acre","Estado":"3"},{"ID":"232","Nome":"Borba","Estado":"3"},{"ID":"233","Nome":"Caapiranga","Estado":"3"},{"ID":"234","Nome":"Canutama","Estado":"3"},{"ID":"235","Nome":"Carauari","Estado":"3"},{"ID":"236","Nome":"Careiro","Estado":"3"},{"ID":"237","Nome":"Careiro da Várzea","Estado":"3"},{"ID":"238","Nome":"Coari","Estado":"3"},{"ID":"239","Nome":"Codajás","Estado":"3"},{"ID":"240","Nome":"Eirunepé","Estado":"3"},{"ID":"241","Nome":"Envira","Estado":"3"},{"ID":"242","Nome":"Fonte Boa","Estado":"3"},{"ID":"243","Nome":"Guajará","Estado":"3"},{"ID":"244","Nome":"Humaitá","Estado":"3"},{"ID":"245","Nome":"Ipixuna","Estado":"3"},{"ID":"246","Nome":"Iranduba","Estado":"3"},{"ID":"247","Nome":"Itacoatiara","Estado":"3"},{"ID":"248","Nome":"Itamarati","Estado":"3"},{"ID":"249","Nome":"Itapiranga","Estado":"3"},{"ID":"250","Nome":"Japurá","Estado":"3"},{"ID":"251","Nome":"Juruá","Estado":"3"},{"ID":"252","Nome":"Jutaí","Estado":"3"},{"ID":"253","Nome":"Lábrea","Estado":"3"},{"ID":"254","Nome":"Manacapuru","Estado":"3"},{"ID":"255","Nome":"Manaquiri","Estado":"3"},{"ID":"256","Nome":"Manaus","Estado":"3"},{"ID":"257","Nome":"Manicoré","Estado":"3"},{"ID":"258","Nome":"Maraã","Estado":"3"},{"ID":"259","Nome":"Maués","Estado":"3"},{"ID":"260","Nome":"Nhamundá","Estado":"3"},{"ID":"261","Nome":"Nova Olinda do Norte","Estado":"3"},{"ID":"262","Nome":"Novo Airão","Estado":"3"},{"ID":"263","Nome":"Novo Aripuanã","Estado":"3"},{"ID":"264","Nome":"Parintins","Estado":"3"},{"ID":"265","Nome":"Pauini","Estado":"3"},{"ID":"266","Nome":"Presidente Figueiredo","Estado":"3"},{"ID":"267","Nome":"Rio Preto da Eva","Estado":"3"},{"ID":"268","Nome":"Santa Isabel do Rio Negro","Estado":"3"},{"ID":"269","Nome":"Santo Antônio do Içá","Estado":"3"},{"ID":"270","Nome":"São Gabriel da Cachoeira","Estado":"3"},{"ID":"271","Nome":"São Paulo de Olivença","Estado":"3"},{"ID":"272","Nome":"São Sebastião do Uatumã","Estado":"3"},{"ID":"273","Nome":"Silves","Estado":"3"},{"ID":"274","Nome":"Tabatinga","Estado":"3"},{"ID":"275","Nome":"Tapauá","Estado":"3"},{"ID":"276","Nome":"Tefé","Estado":"3"},{"ID":"277","Nome":"Tonantins","Estado":"3"},{"ID":"278","Nome":"Uarini","Estado":"3"},{"ID":"279","Nome":"Urucará","Estado":"3"},{"ID":"280","Nome":"Urucurituba","Estado":"3"}]