[{"ID":"281","Nome":"Abaíra","Estado":"5"},{"ID":"282","Nome":"Abaré","Estado":"5"},{"ID":"283","Nome":"Acajutiba","Estado":"5"},{"ID":"284","Nome":"Adustina","Estado":"5"},{"ID":"285","Nome":"Água Fria","Estado":"5"},{"ID":"286","Nome":"Aiquara","Estado":"5"},{"ID":"287","Nome":"Alagoinhas","Estado":"5"},{"ID":"288","Nome":"Alcobaça","Estado":"5"},{"ID":"289","Nome":"Almadina","Estado":"5"},{"ID":"290","Nome":"Amargosa","Estado":"5"},{"ID":"291","Nome":"Amélia Rodrigues","Estado":"5"},{"ID":"292","Nome":"América Dourada","Estado":"5"},{"ID":"293","Nome":"Anagé","Estado":"5"},{"ID":"294","Nome":"Andaraí","Estado":"5"},{"ID":"295","Nome":"Andorinha","Estado":"5"},{"ID":"296","Nome":"Angical","Estado":"5"},{"ID":"297","Nome":"Anguera","Estado":"5"},{"ID":"298","Nome":"Antas","Estado":"5"},{"ID":"299","Nome":"Antônio Cardoso","Estado":"5"},{"ID":"300","Nome":"Antônio Gonçalves","Estado":"5"},{"ID":"301","Nome":"Aporá","Estado":"5"},{"ID":"302","Nome":"Apuarema","Estado":"5"},{"ID":"303","Nome":"Araças","Estado":"5"},{"ID":"304","Nome":"Aracatu","Estado":"5"},{"ID":"305","Nome":"Araci","Estado":"5"},{"ID":"306","Nome":"Aramari","Estado":"5"},{"ID":"307","Nome":"Arataca","Estado":"5"},{"ID":"308","Nome":"Aratuípe","Estado":"5"},{"ID":"309","Nome":"Aurelino Leal","Estado":"5"},{"ID":"310","Nome":"Baianópolis","Estado":"5"},{"ID":"311","Nome":"Baixa Grande","Estado":"5"},{"ID":"312","Nome":"Banzaê","Estado":"5"},{"ID":"313","Nome":"Barra","Estado":"5"},{"ID":"314","Nome":"Barra da Estiva","Estado":"5"},{"ID":"315","Nome":"Barra do Choça","Estado":"5"},{"ID":"316","Nome":"Barra do Mendes","Estado":"5"},{"ID":"317","Nome":"Barra do Rocha","Estado":"5"},{"ID":"318","Nome":"Barreiras","Estado":"5"},{"ID":"319","Nome":"Barro Alto","Estado":"5"},{"ID":"320","Nome":"Barro Preto (antigo Gov. Lomanto Jr.)","Estado":"5"},{"ID":"321","Nome":"Barrocas","Estado":"5"},{"ID":"322","Nome":"Belmonte","Estado":"5"},{"ID":"323","Nome":"Belo Campo","Estado":"5"},{"ID":"324","Nome":"Biritinga","Estado":"5"},{"ID":"325","Nome":"Boa Nova","Estado":"5"},{"ID":"326","Nome":"Boa Vista do Tupim","Estado":"5"},{"ID":"327","Nome":"Bom Jesus da Lapa","Estado":"5"},{"ID":"328","Nome":"Bom Jesus da Serra","Estado":"5"},{"ID":"329","Nome":"Boninal","Estado":"5"},{"ID":"330","Nome":"Bonito","Estado":"5"},{"ID":"331","Nome":"Boquira","Estado":"5"},{"ID":"332","Nome":"Botuporã","Estado":"5"},{"ID":"333","Nome":"Brejões","Estado":"5"},{"ID":"334","Nome":"Brejolândia","Estado":"5"},{"ID":"335","Nome":"Brotas de Macaúbas","Estado":"5"},{"ID":"336","Nome":"Brumado","Estado":"5"},{"ID":"337","Nome":"Buerarema","Estado":"5"},{"ID":"338","Nome":"Buritirama","Estado":"5"},{"ID":"339","Nome":"Caatiba","Estado":"5"},{"ID":"340","Nome":"Cabaceiras do Paraguaçu","Estado":"5"},{"ID":"341","Nome":"Cachoeira","Estado":"5"},{"ID":"342","Nome":"Caculé","Estado":"5"},{"ID":"343","Nome":"Caém","Estado":"5"},{"ID":"344","Nome":"Caetanos","Estado":"5"},{"ID":"345","Nome":"Caetité","Estado":"5"},{"ID":"346","Nome":"Cafarnaum","Estado":"5"},{"ID":"347","Nome":"Cairu","Estado":"5"},{"ID":"348","Nome":"Caldeirão Grande","Estado":"5"},{"ID":"349","Nome":"Camacan","Estado":"5"},{"ID":"350","Nome":"Camaçari","Estado":"5"},{"ID":"351","Nome":"Camamu","Estado":"5"},{"ID":"352","Nome":"Campo Alegre de Lourdes","Estado":"5"},{"ID":"353","Nome":"Campo Formoso","Estado":"5"},{"ID":"354","Nome":"Canápolis","Estado":"5"},{"ID":"355","Nome":"Canarana","Estado":"5"},{"ID":"356","Nome":"Canavieiras","Estado":"5"},{"ID":"357","Nome":"Candeal","Estado":"5"},{"ID":"358","Nome":"Candeias","Estado":"5"},{"ID":"359","Nome":"Candiba","Estado":"5"},{"ID":"360","Nome":"Cândido Sales","Estado":"5"},{"ID":"361","Nome":"Cansanção","Estado":"5"},{"ID":"362","Nome":"Canudos","Estado":"5"},{"ID":"363","Nome":"Capela do Alto Alegre","Estado":"5"},{"ID":"364","Nome":"Capim Grosso","Estado":"5"},{"ID":"365","Nome":"Caraíbas","Estado":"5"},{"ID":"366","Nome":"Caravelas","Estado":"5"},{"ID":"367","Nome":"Cardeal da Silva","Estado":"5"},{"ID":"368","Nome":"Carinhanha","Estado":"5"},{"ID":"369","Nome":"Casa Nova","Estado":"5"},{"ID":"370","Nome":"Castro Alves","Estado":"5"},{"ID":"371","Nome":"Catolândia","Estado":"5"},{"ID":"372","Nome":"Catu","Estado":"5"},{"ID":"373","Nome":"Caturama","Estado":"5"},{"ID":"374","Nome":"Central","Estado":"5"},{"ID":"375","Nome":"Chorrochó","Estado":"5"},{"ID":"376","Nome":"Cícero Dantas","Estado":"5"},{"ID":"377","Nome":"Cipó","Estado":"5"},{"ID":"378","Nome":"Coaraci","Estado":"5"},{"ID":"379","Nome":"Cocos","Estado":"5"},{"ID":"380","Nome":"Conceição da Feira","Estado":"5"},{"ID":"381","Nome":"Conceição do Almeida","Estado":"5"},{"ID":"382","Nome":"Conceição do Coité","Estado":"5"},{"ID":"383","Nome":"Conceição do Jacuípe","Estado":"5"},{"ID":"384","Nome":"Conde","Estado":"5"},{"ID":"385","Nome":"Condeúba","Estado":"5"},{"ID":"386","Nome":"Contendas do Sincorá","Estado":"5"},{"ID":"387","Nome":"Coração de Maria","Estado":"5"},{"ID":"388","Nome":"Cordeiros","Estado":"5"},{"ID":"389","Nome":"Coribe","Estado":"5"},{"ID":"390","Nome":"Coronel João Sá","Estado":"5"},{"ID":"391","Nome":"Correntina","Estado":"5"},{"ID":"392","Nome":"Cotegipe","Estado":"5"},{"ID":"393","Nome":"Cravolândia","Estado":"5"},{"ID":"394","Nome":"Crisópolis","Estado":"5"},{"ID":"395","Nome":"Cristópolis","Estado":"5"},{"ID":"396","Nome":"Cruz das Almas","Estado":"5"},{"ID":"397","Nome":"Curaçá","Estado":"5"},{"ID":"398","Nome":"Dário Meira","Estado":"5"},{"ID":"399","Nome":"Dias d`Ávila","Estado":"5"},{"ID":"400","Nome":"Dom Basílio","Estado":"5"},{"ID":"401","Nome":"Dom Macedo Costa","Estado":"5"},{"ID":"402","Nome":"Elísio Medrado","Estado":"5"},{"ID":"403","Nome":"Encruzilhada","Estado":"5"},{"ID":"404","Nome":"Entre Rios","Estado":"5"},{"ID":"405","Nome":"Érico Cardoso","Estado":"5"},{"ID":"406","Nome":"Esplanada","Estado":"5"},{"ID":"407","Nome":"Euclides da Cunha","Estado":"5"},{"ID":"408","Nome":"Eunápolis","Estado":"5"},{"ID":"409","Nome":"Fátima","Estado":"5"},{"ID":"410","Nome":"Feira da Mata","Estado":"5"},{"ID":"411","Nome":"Feira de Santana","Estado":"5"},{"ID":"412","Nome":"Filadélfia","Estado":"5"},{"ID":"413","Nome":"Firmino Alves","Estado":"5"},{"ID":"414","Nome":"Floresta Azul","Estado":"5"},{"ID":"415","Nome":"Formosa do Rio Preto","Estado":"5"},{"ID":"416","Nome":"Gandu","Estado":"5"},{"ID":"417","Nome":"Gavião","Estado":"5"},{"ID":"418","Nome":"Gentio do Ouro","Estado":"5"},{"ID":"419","Nome":"Glória","Estado":"5"},{"ID":"420","Nome":"Gongogi","Estado":"5"},{"ID":"421","Nome":"Governador Mangabeira","Estado":"5"},{"ID":"422","Nome":"Guajeru","Estado":"5"},{"ID":"423","Nome":"Guanambi","Estado":"5"},{"ID":"424","Nome":"Guaratinga","Estado":"5"},{"ID":"425","Nome":"Heliópolis","Estado":"5"},{"ID":"426","Nome":"Iaçu","Estado":"5"},{"ID":"427","Nome":"Ibiassucê","Estado":"5"},{"ID":"428","Nome":"Ibicaraí","Estado":"5"},{"ID":"429","Nome":"Ibicoara","Estado":"5"},{"ID":"430","Nome":"Ibicuí","Estado":"5"},{"ID":"431","Nome":"Ibipeba","Estado":"5"},{"ID":"432","Nome":"Ibipitanga","Estado":"5"},{"ID":"433","Nome":"Ibiquera","Estado":"5"},{"ID":"434","Nome":"Ibirapitanga","Estado":"5"},{"ID":"435","Nome":"Ibirapuã","Estado":"5"},{"ID":"436","Nome":"Ibirataia","Estado":"5"},{"ID":"437","Nome":"Ibitiara","Estado":"5"},{"ID":"438","Nome":"Ibititá","Estado":"5"},{"ID":"439","Nome":"Ibotirama","Estado":"5"},{"ID":"440","Nome":"Ichu","Estado":"5"},{"ID":"441","Nome":"Igaporã","Estado":"5"},{"ID":"442","Nome":"Igrapiúna","Estado":"5"},{"ID":"443","Nome":"Iguaí","Estado":"5"},{"ID":"444","Nome":"Ilhéus","Estado":"5"},{"ID":"445","Nome":"Inhambupe","Estado":"5"},{"ID":"446","Nome":"Ipecaetá","Estado":"5"},{"ID":"447","Nome":"Ipiaú","Estado":"5"},{"ID":"448","Nome":"Ipirá","Estado":"5"},{"ID":"449","Nome":"Ipupiara","Estado":"5"},{"ID":"450","Nome":"Irajuba","Estado":"5"},{"ID":"451","Nome":"Iramaia","Estado":"5"},{"ID":"452","Nome":"Iraquara","Estado":"5"},{"ID":"453","Nome":"Irará","Estado":"5"},{"ID":"454","Nome":"Irecê","Estado":"5"},{"ID":"455","Nome":"Itabela","Estado":"5"},{"ID":"456","Nome":"Itaberaba","Estado":"5"},{"ID":"457","Nome":"Itabuna","Estado":"5"},{"ID":"458","Nome":"Itacaré","Estado":"5"},{"ID":"459","Nome":"Itaeté","Estado":"5"},{"ID":"460","Nome":"Itagi","Estado":"5"},{"ID":"461","Nome":"Itagibá","Estado":"5"},{"ID":"462","Nome":"Itagimirim","Estado":"5"},{"ID":"463","Nome":"Itaguaçu da Bahia","Estado":"5"},{"ID":"464","Nome":"Itaju do Colônia","Estado":"5"},{"ID":"465","Nome":"Itajuípe","Estado":"5"},{"ID":"466","Nome":"Itamaraju","Estado":"5"},{"ID":"467","Nome":"Itamari","Estado":"5"},{"ID":"468","Nome":"Itambé","Estado":"5"},{"ID":"469","Nome":"Itanagra","Estado":"5"},{"ID":"470","Nome":"Itanhém","Estado":"5"},{"ID":"471","Nome":"Itaparica","Estado":"5"},{"ID":"472","Nome":"Itapé","Estado":"5"},{"ID":"473","Nome":"Itapebi","Estado":"5"},{"ID":"474","Nome":"Itapetinga","Estado":"5"},{"ID":"475","Nome":"Itapicuru","Estado":"5"},{"ID":"476","Nome":"Itapitanga","Estado":"5"},{"ID":"477","Nome":"Itaquara","Estado":"5"},{"ID":"478","Nome":"Itarantim","Estado":"5"},{"ID":"479","Nome":"Itatim","Estado":"5"},{"ID":"480","Nome":"Itiruçu","Estado":"5"},{"ID":"481","Nome":"Itiúba","Estado":"5"},{"ID":"482","Nome":"Itororó","Estado":"5"},{"ID":"483","Nome":"Ituaçu","Estado":"5"},{"ID":"484","Nome":"Ituberá","Estado":"5"},{"ID":"485","Nome":"Iuiú","Estado":"5"},{"ID":"486","Nome":"Jaborandi","Estado":"5"},{"ID":"487","Nome":"Jacaraci","Estado":"5"},{"ID":"488","Nome":"Jacobina","Estado":"5"},{"ID":"489","Nome":"Jaguaquara","Estado":"5"},{"ID":"490","Nome":"Jaguarari","Estado":"5"},{"ID":"491","Nome":"Jaguaripe","Estado":"5"},{"ID":"492","Nome":"Jandaíra","Estado":"5"},{"ID":"493","Nome":"Jequié","Estado":"5"},{"ID":"494","Nome":"Jeremoabo","Estado":"5"},{"ID":"495","Nome":"Jiquiriçá","Estado":"5"},{"ID":"496","Nome":"Jitaúna","Estado":"5"},{"ID":"497","Nome":"João Dourado","Estado":"5"},{"ID":"498","Nome":"Juazeiro","Estado":"5"},{"ID":"499","Nome":"Jucuruçu","Estado":"5"},{"ID":"500","Nome":"Jussara","Estado":"5"},{"ID":"501","Nome":"Jussari","Estado":"5"},{"ID":"502","Nome":"Jussiape","Estado":"5"},{"ID":"503","Nome":"Lafaiete Coutinho","Estado":"5"},{"ID":"504","Nome":"Lagoa Real","Estado":"5"},{"ID":"505","Nome":"Laje","Estado":"5"},{"ID":"506","Nome":"Lajedão","Estado":"5"},{"ID":"507","Nome":"Lajedinho","Estado":"5"},{"ID":"508","Nome":"Lajedo do Tabocal","Estado":"5"},{"ID":"509","Nome":"Lamarão","Estado":"5"},{"ID":"510","Nome":"Lapão","Estado":"5"},{"ID":"511","Nome":"Lauro de Freitas","Estado":"5"},{"ID":"512","Nome":"Lençóis","Estado":"5"},{"ID":"513","Nome":"Licínio de Almeida","Estado":"5"},{"ID":"514","Nome":"Livramento de Nossa Senhora","Estado":"5"},{"ID":"515","Nome":"Luís Eduardo Magalhães","Estado":"5"},{"ID":"516","Nome":"Macajuba","Estado":"5"},{"ID":"517","Nome":"Macarani","Estado":"5"},{"ID":"518","Nome":"Macaúbas","Estado":"5"},{"ID":"519","Nome":"Macururé","Estado":"5"},{"ID":"520","Nome":"Madre de Deus","Estado":"5"},{"ID":"521","Nome":"Maetinga","Estado":"5"},{"ID":"522","Nome":"Maiquinique","Estado":"5"},{"ID":"523","Nome":"Mairi","Estado":"5"},{"ID":"524","Nome":"Malhada","Estado":"5"},{"ID":"525","Nome":"Malhada de Pedras","Estado":"5"},{"ID":"526","Nome":"Manoel Vitorino","Estado":"5"},{"ID":"527","Nome":"Mansidão","Estado":"5"},{"ID":"528","Nome":"Maracás","Estado":"5"},{"ID":"529","Nome":"Maragogipe","Estado":"5"},{"ID":"530","Nome":"Maraú","Estado":"5"},{"ID":"531","Nome":"Marcionílio Souza","Estado":"5"},{"ID":"532","Nome":"Mascote","Estado":"5"},{"ID":"533","Nome":"Mata de São João","Estado":"5"},{"ID":"534","Nome":"Matina","Estado":"5"},{"ID":"535","Nome":"Medeiros Neto","Estado":"5"},{"ID":"536","Nome":"Miguel Calmon","Estado":"5"},{"ID":"537","Nome":"Milagres","Estado":"5"},{"ID":"538","Nome":"Mirangaba","Estado":"5"},{"ID":"539","Nome":"Mirante","Estado":"5"},{"ID":"540","Nome":"Monte Santo","Estado":"5"},{"ID":"541","Nome":"Morpará","Estado":"5"},{"ID":"542","Nome":"Morro do Chapéu","Estado":"5"},{"ID":"543","Nome":"Mortugaba","Estado":"5"},{"ID":"544","Nome":"Mucugê","Estado":"5"},{"ID":"545","Nome":"Mucuri","Estado":"5"},{"ID":"546","Nome":"Mulungu do Morro","Estado":"5"},{"ID":"547","Nome":"Mundo Novo","Estado":"5"},{"ID":"548","Nome":"Muniz Ferreira","Estado":"5"},{"ID":"549","Nome":"Muquém de São Francisco","Estado":"5"},{"ID":"550","Nome":"Muritiba","Estado":"5"},{"ID":"551","Nome":"Mutuípe","Estado":"5"},{"ID":"552","Nome":"Nazaré","Estado":"5"},{"ID":"553","Nome":"Nilo Peçanha","Estado":"5"},{"ID":"554","Nome":"Nordestina","Estado":"5"},{"ID":"555","Nome":"Nova Canaã","Estado":"5"},{"ID":"556","Nome":"Nova Fátima","Estado":"5"},{"ID":"557","Nome":"Nova Ibiá","Estado":"5"},{"ID":"558","Nome":"Nova Itarana","Estado":"5"},{"ID":"559","Nome":"Nova Redenção","Estado":"5"},{"ID":"560","Nome":"Nova Soure","Estado":"5"},{"ID":"561","Nome":"Nova Viçosa","Estado":"5"},{"ID":"562","Nome":"Novo Horizonte","Estado":"5"},{"ID":"563","Nome":"Novo Triunfo","Estado":"5"},{"ID":"564","Nome":"Olindina","Estado":"5"},{"ID":"565","Nome":"Oliveira dos Brejinhos","Estado":"5"},{"ID":"566","Nome":"Ouriçangas","Estado":"5"},{"ID":"567","Nome":"Ourolândia","Estado":"5"},{"ID":"568","Nome":"Palmas de Monte Alto","Estado":"5"},{"ID":"569","Nome":"Palmeiras","Estado":"5"},{"ID":"570","Nome":"Paramirim","Estado":"5"},{"ID":"571","Nome":"Paratinga","Estado":"5"},{"ID":"572","Nome":"Paripiranga","Estado":"5"},{"ID":"573","Nome":"Pau Brasil","Estado":"5"},{"ID":"574","Nome":"Paulo Afonso","Estado":"5"},{"ID":"575","Nome":"Pé de Serra","Estado":"5"},{"ID":"576","Nome":"Pedrão","Estado":"5"},{"ID":"577","Nome":"Pedro Alexandre","Estado":"5"},{"ID":"578","Nome":"Piatã","Estado":"5"},{"ID":"579","Nome":"Pilão Arcado","Estado":"5"},{"ID":"580","Nome":"Pindaí","Estado":"5"},{"ID":"581","Nome":"Pindobaçu","Estado":"5"},{"ID":"582","Nome":"Pintadas","Estado":"5"},{"ID":"583","Nome":"Piraí do Norte","Estado":"5"},{"ID":"584","Nome":"Piripá","Estado":"5"},{"ID":"585","Nome":"Piritiba","Estado":"5"},{"ID":"586","Nome":"Planaltino","Estado":"5"},{"ID":"587","Nome":"Planalto","Estado":"5"},{"ID":"588","Nome":"Poções","Estado":"5"},{"ID":"589","Nome":"Pojuca","Estado":"5"},{"ID":"590","Nome":"Ponto Novo","Estado":"5"},{"ID":"591","Nome":"Porto Seguro","Estado":"5"},{"ID":"592","Nome":"Potiraguá","Estado":"5"},{"ID":"593","Nome":"Prado","Estado":"5"},{"ID":"594","Nome":"Presidente Dutra","Estado":"5"},{"ID":"595","Nome":"Presidente Jânio Quadros","Estado":"5"},{"ID":"596","Nome":"Presidente Tancredo Neves","Estado":"5"},{"ID":"597","Nome":"Queimadas","Estado":"5"},{"ID":"598","Nome":"Quijingue","Estado":"5"},{"ID":"599","Nome":"Quixabeira","Estado":"5"},{"ID":"600","Nome":"Rafael Jambeiro","Estado":"5"},{"ID":"601","Nome":"Remanso","Estado":"5"},{"ID":"602","Nome":"Retirolândia","Estado":"5"},{"ID":"603","Nome":"Riachão das Neves","Estado":"5"},{"ID":"604","Nome":"Riachão do Jacuípe","Estado":"5"},{"ID":"605","Nome":"Riacho de Santana","Estado":"5"},{"ID":"606","Nome":"Ribeira do Amparo","Estado":"5"},{"ID":"607","Nome":"Ribeira do Pombal","Estado":"5"},{"ID":"608","Nome":"Ribeirão do Largo","Estado":"5"},{"ID":"609","Nome":"Rio de Contas","Estado":"5"},{"ID":"610","Nome":"Rio do Antônio","Estado":"5"},{"ID":"611","Nome":"Rio do Pires","Estado":"5"},{"ID":"612","Nome":"Rio Real","Estado":"5"},{"ID":"613","Nome":"Rodelas","Estado":"5"},{"ID":"614","Nome":"Ruy Barbosa","Estado":"5"},{"ID":"615","Nome":"Salinas da Margarida","Estado":"5"},{"ID":"616","Nome":"Salvador","Estado":"5"},{"ID":"617","Nome":"Santa Bárbara","Estado":"5"},{"ID":"618","Nome":"Santa Brígida","Estado":"5"},{"ID":"619","Nome":"Santa Cruz Cabrália","Estado":"5"},{"ID":"620","Nome":"Santa Cruz da Vitória","Estado":"5"},{"ID":"621","Nome":"Santa Inês","Estado":"5"},{"ID":"622","Nome":"Santa Luzia","Estado":"5"},{"ID":"623","Nome":"Santa Maria da Vitória","Estado":"5"},{"ID":"624","Nome":"Santa Rita de Cássia","Estado":"5"},{"ID":"625","Nome":"Santa Teresinha","Estado":"5"},{"ID":"626","Nome":"Santaluz","Estado":"5"},{"ID":"627","Nome":"Santana","Estado":"5"},{"ID":"628","Nome":"Santanópolis","Estado":"5"},{"ID":"629","Nome":"Santo Amaro","Estado":"5"},{"ID":"630","Nome":"Santo Antônio de Jesus","Estado":"5"},{"ID":"631","Nome":"Santo Estêvão","Estado":"5"},{"ID":"632","Nome":"São Desidério","Estado":"5"},{"ID":"633","Nome":"São Domingos","Estado":"5"},{"ID":"634","Nome":"São Felipe","Estado":"5"},{"ID":"635","Nome":"São Félix","Estado":"5"},{"ID":"636","Nome":"São Félix do Coribe","Estado":"5"},{"ID":"637","Nome":"São Francisco do Conde","Estado":"5"},{"ID":"638","Nome":"São Gabriel","Estado":"5"},{"ID":"639","Nome":"São Gonçalo dos Campos","Estado":"5"},{"ID":"640","Nome":"São José da Vitória","Estado":"5"},{"ID":"641","Nome":"São José do Jacuípe","Estado":"5"},{"ID":"642","Nome":"São Miguel das Matas","Estado":"5"},{"ID":"643","Nome":"São Sebastião do Passé","Estado":"5"},{"ID":"644","Nome":"Sapeaçu","Estado":"5"},{"ID":"645","Nome":"Sátiro Dias","Estado":"5"},{"ID":"646","Nome":"Saubara","Estado":"5"},{"ID":"647","Nome":"Saúde","Estado":"5"},{"ID":"648","Nome":"Seabra","Estado":"5"},{"ID":"649","Nome":"Sebastião Laranjeiras","Estado":"5"},{"ID":"650","Nome":"Senhor do Bonfim","Estado":"5"},{"ID":"651","Nome":"Sento Sé","Estado":"5"},{"ID":"652","Nome":"Serra do Ramalho","Estado":"5"},{"ID":"653","Nome":"Serra Dourada","Estado":"5"},{"ID":"654","Nome":"Serra Preta","Estado":"5"},{"ID":"655","Nome":"Serrinha","Estado":"5"},{"ID":"656","Nome":"Serrolândia","Estado":"5"},{"ID":"657","Nome":"Simões Filho","Estado":"5"},{"ID":"658","Nome":"Sítio do Mato","Estado":"5"},{"ID":"659","Nome":"Sítio do Quinto","Estado":"5"},{"ID":"660","Nome":"Sobradinho","Estado":"5"},{"ID":"661","Nome":"Souto Soares","Estado":"5"},{"ID":"662","Nome":"Tabocas do Brejo Velho","Estado":"5"},{"ID":"663","Nome":"Tanhaçu","Estado":"5"},{"ID":"664","Nome":"Tanque Novo","Estado":"5"},{"ID":"665","Nome":"Tanquinho","Estado":"5"},{"ID":"666","Nome":"Taperoá","Estado":"5"},{"ID":"667","Nome":"Tapiramutá","Estado":"5"},{"ID":"668","Nome":"Teixeira de Freitas","Estado":"5"},{"ID":"669","Nome":"Teodoro Sampaio","Estado":"5"},{"ID":"670","Nome":"Teofilândia","Estado":"5"},{"ID":"671","Nome":"Teolândia","Estado":"5"},{"ID":"672","Nome":"Terra Nova","Estado":"5"},{"ID":"673","Nome":"Tremedal","Estado":"5"},{"ID":"674","Nome":"Tucano","Estado":"5"},{"ID":"675","Nome":"Uauá","Estado":"5"},{"ID":"676","Nome":"Ubaíra","Estado":"5"},{"ID":"677","Nome":"Ubaitaba","Estado":"5"},{"ID":"678","Nome":"Ubatã","Estado":"5"},{"ID":"679","Nome":"Uibaí","Estado":"5"},{"ID":"680","Nome":"Umburanas","Estado":"5"},{"ID":"681","Nome":"Una","Estado":"5"},{"ID":"682","Nome":"Urandi","Estado":"5"},{"ID":"683","Nome":"Uruçuca","Estado":"5"},{"ID":"684","Nome":"Utinga","Estado":"5"},{"ID":"685","Nome":"Valença","Estado":"5"},{"ID":"686","Nome":"Valente","Estado":"5"},{"ID":"687","Nome":"Várzea da Roça","Estado":"5"},{"ID":"688","Nome":"Várzea do Poço","Estado":"5"},{"ID":"689","Nome":"Várzea Nova","Estado":"5"},{"ID":"690","Nome":"Varzedo","Estado":"5"},{"ID":"691","Nome":"Vera Cruz","Estado":"5"},{"ID":"692","Nome":"Vereda","Estado":"5"},{"ID":"693","Nome":"Vitória da Conquista","Estado":"5"},{"ID":"694","Nome":"Wagner","Estado":"5"},{"ID":"695","Nome":"Wanderley","Estado":"5"},{"ID":"696","Nome":"Wenceslau Guimarães","Estado":"5"},{"ID":"697","Nome":"Xique-Xique","Estado":"5"}]