[{"ID":"698","Nome":"Abaiara","Estado":"6"},{"ID":"699","Nome":"Acarape","Estado":"6"},{"ID":"700","Nome":"Acaraú","Estado":"6"},{"ID":"701","Nome":"Acopiara","Estado":"6"},{"ID":"702","Nome":"Aiuaba","Estado":"6"},{"ID":"703","Nome":"Alcântaras","Estado":"6"},{"ID":"704","Nome":"Altaneira","Estado":"6"},{"ID":"705","Nome":"Alto Santo","Estado":"6"},{"ID":"706","Nome":"Amontada","Estado":"6"},{"ID":"707","Nome":"Antonina do Norte","Estado":"6"},{"ID":"708","Nome":"Apuiarés","Estado":"6"},{"ID":"709","Nome":"Aquiraz","Estado":"6"},{"ID":"710","Nome":"Aracati","Estado":"6"},{"ID":"711","Nome":"Aracoiaba","Estado":"6"},{"ID":"712","Nome":"Ararendá","Estado":"6"},{"ID":"713","Nome":"Araripe","Estado":"6"},{"ID":"714","Nome":"Aratuba","Estado":"6"},{"ID":"715","Nome":"Arneiroz","Estado":"6"},{"ID":"716","Nome":"Assaré","Estado":"6"},{"ID":"717","Nome":"Aurora","Estado":"6"},{"ID":"718","Nome":"Baixio","Estado":"6"},{"ID":"719","Nome":"Banabuiú","Estado":"6"},{"ID":"720","Nome":"Barbalha","Estado":"6"},{"ID":"721","Nome":"Barreira","Estado":"6"},{"ID":"722","Nome":"Barro","Estado":"6"},{"ID":"723","Nome":"Barroquinha","Estado":"6"},{"ID":"724","Nome":"Baturité","Estado":"6"},{"ID":"725","Nome":"Beberibe","Estado":"6"},{"ID":"726","Nome":"Bela Cruz","Estado":"6"},{"ID":"727","Nome":"Boa Viagem","Estado":"6"},{"ID":"728","Nome":"Brejo Santo","Estado":"6"},{"ID":"729","Nome":"Camocim","Estado":"6"},{"ID":"730","Nome":"Campos Sales","Estado":"6"},{"ID":"731","Nome":"Canindé","Estado":"6"},{"ID":"732","Nome":"Capistrano","Estado":"6"},{"ID":"733","Nome":"Caridade","Estado":"6"},{"ID":"734","Nome":"Cariré","Estado":"6"},{"ID":"735","Nome":"Caririaçu","Estado":"6"},{"ID":"736","Nome":"Cariús","Estado":"6"},{"ID":"737","Nome":"Carnaubal","Estado":"6"},{"ID":"738","Nome":"Cascavel","Estado":"6"},{"ID":"739","Nome":"Catarina","Estado":"6"},{"ID":"740","Nome":"Catunda","Estado":"6"},{"ID":"741","Nome":"Caucaia","Estado":"6"},{"ID":"742","Nome":"Cedro","Estado":"6"},{"ID":"743","Nome":"Chaval","Estado":"6"},{"ID":"744","Nome":"Choró","Estado":"6"},{"ID":"745","Nome":"Chorozinho","Estado":"6"},{"ID":"746","Nome":"Coreaú","Estado":"6"},{"ID":"747","Nome":"Crateús","Estado":"6"},{"ID":"748","Nome":"Crato","Estado":"6"},{"ID":"749","Nome":"Croatá","Estado":"6"},{"ID":"750","Nome":"Cruz","Estado":"6"},{"ID":"751","Nome":"Deputado Irapuan Pinheiro","Estado":"6"},{"ID":"752","Nome":"Ererê","Estado":"6"},{"ID":"753","Nome":"Eusébio","Estado":"6"},{"ID":"754","Nome":"Farias Brito","Estado":"6"},{"ID":"755","Nome":"Forquilha","Estado":"6"},{"ID":"756","Nome":"Fortaleza","Estado":"6"},{"ID":"757","Nome":"Fortim","Estado":"6"},{"ID":"758","Nome":"Frecheirinha","Estado":"6"},{"ID":"759","Nome":"General Sampaio","Estado":"6"},{"ID":"760","Nome":"Graça","Estado":"6"},{"ID":"761","Nome":"Granja","Estado":"6"},{"ID":"762","Nome":"Granjeiro","Estado":"6"},{"ID":"763","Nome":"Groaíras","Estado":"6"},{"ID":"764","Nome":"Guaiúba","Estado":"6"},{"ID":"765","Nome":"Guaraciaba do Norte","Estado":"6"},{"ID":"766","Nome":"Guaramiranga","Estado":"6"},{"ID":"767","Nome":"Hidrolândia","Estado":"6"},{"ID":"768","Nome":"Horizonte","Estado":"6"},{"ID":"769","Nome":"Ibaretama","Estado":"6"},{"ID":"770","Nome":"Ibiapina","Estado":"6"},{"ID":"771","Nome":"Ibicuitinga","Estado":"6"},{"ID":"772","Nome":"Icapuí","Estado":"6"},{"ID":"773","Nome":"Icó","Estado":"6"},{"ID":"774","Nome":"Iguatu","Estado":"6"},{"ID":"775","Nome":"Independência","Estado":"6"},{"ID":"776","Nome":"Ipaporanga","Estado":"6"},{"ID":"777","Nome":"Ipaumirim","Estado":"6"},{"ID":"778","Nome":"Ipu","Estado":"6"},{"ID":"779","Nome":"Ipueiras","Estado":"6"},{"ID":"780","Nome":"Iracema","Estado":"6"},{"ID":"781","Nome":"Irauçuba","Estado":"6"},{"ID":"782","Nome":"Itaiçaba","Estado":"6"},{"ID":"783","Nome":"Itaitinga","Estado":"6"},{"ID":"784","Nome":"Itapagé","Estado":"6"},{"ID":"785","Nome":"Itapipoca","Estado":"6"},{"ID":"786","Nome":"Itapiúna","Estado":"6"},{"ID":"787","Nome":"Itarema","Estado":"6"},{"ID":"788","Nome":"Itatira","Estado":"6"},{"ID":"789","Nome":"Jaguaretama","Estado":"6"},{"ID":"790","Nome":"Jaguaribara","Estado":"6"},{"ID":"791","Nome":"Jaguaribe","Estado":"6"},{"ID":"792","Nome":"Jaguaruana","Estado":"6"},{"ID":"793","Nome":"Jardim","Estado":"6"},{"ID":"794","Nome":"Jati","Estado":"6"},{"ID":"795","Nome":"Jijoca de Jericoacoara","Estado":"6"},{"ID":"796","Nome":"Juazeiro do Norte","Estado":"6"},{"ID":"797","Nome":"Jucás","Estado":"6"},{"ID":"798","Nome":"Lavras da Mangabeira","Estado":"6"},{"ID":"799","Nome":"Limoeiro do Norte","Estado":"6"},{"ID":"800","Nome":"Madalena","Estado":"6"},{"ID":"801","Nome":"Maracanaú","Estado":"6"},{"ID":"802","Nome":"Maranguape","Estado":"6"},{"ID":"803","Nome":"Marco","Estado":"6"},{"ID":"804","Nome":"Martinópole","Estado":"6"},{"ID":"805","Nome":"Massapê","Estado":"6"},{"ID":"806","Nome":"Mauriti","Estado":"6"},{"ID":"807","Nome":"Meruoca","Estado":"6"},{"ID":"808","Nome":"Milagres","Estado":"6"},{"ID":"809","Nome":"Milhã","Estado":"6"},{"ID":"810","Nome":"Miraíma","Estado":"6"},{"ID":"811","Nome":"Missão Velha","Estado":"6"},{"ID":"812","Nome":"Mombaça","Estado":"6"},{"ID":"813","Nome":"Monsenhor Tabosa","Estado":"6"},{"ID":"814","Nome":"Morada Nova","Estado":"6"},{"ID":"815","Nome":"Moraújo","Estado":"6"},{"ID":"816","Nome":"Morrinhos","Estado":"6"},{"ID":"817","Nome":"Mucambo","Estado":"6"},{"ID":"818","Nome":"Mulungu","Estado":"6"},{"ID":"819","Nome":"Nova Olinda","Estado":"6"},{"ID":"820","Nome":"Nova Russas","Estado":"6"},{"ID":"821","Nome":"Novo Oriente","Estado":"6"},{"ID":"822","Nome":"Ocara","Estado":"6"},{"ID":"823","Nome":"Orós","Estado":"6"},{"ID":"824","Nome":"Pacajus","Estado":"6"},{"ID":"825","Nome":"Pacatuba","Estado":"6"},{"ID":"826","Nome":"Pacoti","Estado":"6"},{"ID":"827","Nome":"Pacujá","Estado":"6"},{"ID":"828","Nome":"Palhano","Estado":"6"},{"ID":"829","Nome":"Palmácia","Estado":"6"},{"ID":"830","Nome":"Paracuru","Estado":"6"},{"ID":"831","Nome":"Paraipaba","Estado":"6"},{"ID":"832","Nome":"Parambu","Estado":"6"},{"ID":"833","Nome":"Paramoti","Estado":"6"},{"ID":"834","Nome":"Pedra Branca","Estado":"6"},{"ID":"835","Nome":"Penaforte","Estado":"6"},{"ID":"836","Nome":"Pentecoste","Estado":"6"},{"ID":"837","Nome":"Pereiro","Estado":"6"},{"ID":"838","Nome":"Pindoretama","Estado":"6"},{"ID":"839","Nome":"Piquet Carneiro","Estado":"6"},{"ID":"840","Nome":"Pires Ferreira","Estado":"6"},{"ID":"841","Nome":"Poranga","Estado":"6"},{"ID":"842","Nome":"Porteiras","Estado":"6"},{"ID":"843","Nome":"Potengi","Estado":"6"},{"ID":"844","Nome":"Potiretama","Estado":"6"},{"ID":"845","Nome":"Quiterianópolis","Estado":"6"},{"ID":"846","Nome":"Quixadá","Estado":"6"},{"ID":"847","Nome":"Quixelô","Estado":"6"},{"ID":"848","Nome":"Quixeramobim","Estado":"6"},{"ID":"849","Nome":"Quixeré","Estado":"6"},{"ID":"850","Nome":"Redenção","Estado":"6"},{"ID":"851","Nome":"Reriutaba","Estado":"6"},{"ID":"852","Nome":"Russas","Estado":"6"},{"ID":"853","Nome":"Saboeiro","Estado":"6"},{"ID":"854","Nome":"Salitre","Estado":"6"},{"ID":"855","Nome":"Santa Quitéria","Estado":"6"},{"ID":"856","Nome":"Santana do Acaraú","Estado":"6"},{"ID":"857","Nome":"Santana do Cariri","Estado":"6"},{"ID":"858","Nome":"São Benedito","Estado":"6"},{"ID":"859","Nome":"São Gonçalo do Amarante","Estado":"6"},{"ID":"860","Nome":"São João do Jaguaribe","Estado":"6"},{"ID":"861","Nome":"São Luís do Curu","Estado":"6"},{"ID":"862","Nome":"Senador Pompeu","Estado":"6"},{"ID":"863","Nome":"Senador Sá","Estado":"6"},{"ID":"864","Nome":"Sobral","Estado":"6"},{"ID":"865","Nome":"Solonópole","Estado":"6"},{"ID":"866","Nome":"Tabuleiro do Norte","Estado":"6"},{"ID":"867","Nome":"Tamboril","Estado":"6"},{"ID":"868","Nome":"Tarrafas","Estado":"6"},{"ID":"869","Nome":"Tauá","Estado":"6"},{"ID":"870","Nome":"Tejuçuoca","Estado":"6"},{"ID":"871","Nome":"Tianguá","Estado":"6"},{"ID":"872","Nome":"Trairi","Estado":"6"},{"ID":"873","Nome":"Tururu","Estado":"6"},{"ID":"874","Nome":"Ubajara","Estado":"6"},{"ID":"875","Nome":"Umari","Estado":"6"},{"ID":"876","Nome":"Umirim","Estado":"6"},{"ID":"877","Nome":"Uruburetama","Estado":"6"},{"ID":"878","Nome":"Uruoca","Estado":"6"},{"ID":"879","Nome":"Varjota","Estado":"6"},{"ID":"880","Nome":"Várzea Alegre","Estado":"6"},{"ID":"881","Nome":"Viçosa do Ceará","Estado":"6"}]