[{"ID":"1","Nome":"Afonso Cláudio","Estado":"8"},{"ID":"2","Nome":"Água Doce do Norte","Estado":"8"},{"ID":"3","Nome":"Águia Branca","Estado":"8"},{"ID":"4","Nome":"Alegre","Estado":"8"},{"ID":"5","Nome":"Alfredo Chaves","Estado":"8"},{"ID":"6","Nome":"Alto Rio Novo","Estado":"8"},{"ID":"7","Nome":"Anchieta","Estado":"8"},{"ID":"8","Nome":"Apiacá","Estado":"8"},{"ID":"9","Nome":"Aracruz","Estado":"8"},{"ID":"10","Nome":"Atilio Vivacqua","Estado":"8"},{"ID":"11","Nome":"Baixo Guandu","Estado":"8"},{"ID":"12","Nome":"Barra de São Francisco","Estado":"8"},{"ID":"13","Nome":"Boa Esperança","Estado":"8"},{"ID":"14","Nome":"Bom Jesus do Norte","Estado":"8"},{"ID":"15","Nome":"Brejetuba","Estado":"8"},{"ID":"16","Nome":"Cachoeiro de Itapemirim","Estado":"8"},{"ID":"17","Nome":"Cariacica","Estado":"8"},{"ID":"18","Nome":"Castelo","Estado":"8"},{"ID":"19","Nome":"Colatina","Estado":"8"},{"ID":"20","Nome":"Conceição da Barra","Estado":"8"},{"ID":"21","Nome":"Conceição do Castelo","Estado":"8"},{"ID":"22","Nome":"Divino de São Lourenço","Estado":"8"},{"ID":"23","Nome":"Domingos Martins","Estado":"8"},{"ID":"24","Nome":"Dores do Rio Preto","Estado":"8"},{"ID":"25","Nome":"Ecoporanga","Estado":"8"},{"ID":"26","Nome":"Fundão","Estado":"8"},{"ID":"27","Nome":"Governador Lindenberg","Estado":"8"},{"ID":"28","Nome":"Guaçuí","Estado":"8"},{"ID":"29","Nome":"Guarapari","Estado":"8"},{"ID":"30","Nome":"Ibatiba","Estado":"8"},{"ID":"31","Nome":"Ibiraçu","Estado":"8"},{"ID":"32","Nome":"Ibitirama","Estado":"8"},{"ID":"33","Nome":"Iconha","Estado":"8"},{"ID":"34","Nome":"Irupi","Estado":"8"},{"ID":"35","Nome":"Itaguaçu","Estado":"8"},{"ID":"36","Nome":"Itapemirim","Estado":"8"},{"ID":"37","Nome":"Itarana","Estado":"8"},{"ID":"38","Nome":"Iúna","Estado":"8"},{"ID":"39","Nome":"Jaguaré","Estado":"8"},{"ID":"40","Nome":"Jerônimo Monteiro","Estado":"8"},{"ID":"41","Nome":"João Neiva","Estado":"8"},{"ID":"42","Nome":"Laranja da Terra","Estado":"8"},{"ID":"43","Nome":"Linhares","Estado":"8"},{"ID":"44","Nome":"Mantenópolis","Estado":"8"},{"ID":"45","Nome":"Marataízes","Estado":"8"},{"ID":"46","Nome":"Marechal Floriano","Estado":"8"},{"ID":"47","Nome":"Marilândia","Estado":"8"},{"ID":"48","Nome":"Mimoso do Sul","Estado":"8"},{"ID":"49","Nome":"Montanha","Estado":"8"},{"ID":"50","Nome":"Mucurici","Estado":"8"},{"ID":"51","Nome":"Muniz Freire","Estado":"8"},{"ID":"52","Nome":"Muqui","Estado":"8"},{"ID":"53","Nome":"Nova Venécia","Estado":"8"},{"ID":"54","Nome":"Pancas","Estado":"8"},{"ID":"55","Nome":"Pedro Canário","Estado":"8"},{"ID":"56","Nome":"Pinheiros","Estado":"8"},{"ID":"57","Nome":"Piúma","Estado":"8"},{"ID":"58","Nome":"Ponto Belo","Estado":"8"},{"ID":"59","Nome":"Presidente Kennedy","Estado":"8"},{"ID":"60","Nome":"Rio Bananal","Estado":"8"},{"ID":"61","Nome":"Rio Novo do Sul","Estado":"8"},{"ID":"62","Nome":"Santa Leopoldina","Estado":"8"},{"ID":"63","Nome":"Santa Maria de Jetibá","Estado":"8"},{"ID":"64","Nome":"Santa Teresa","Estado":"8"},{"ID":"65","Nome":"São Domingos do Norte","Estado":"8"},{"ID":"66","Nome":"São Gabriel da Palha","Estado":"8"},{"ID":"67","Nome":"São José do Calçado","Estado":"8"},{"ID":"68","Nome":"São Mateus","Estado":"8"},{"ID":"69","Nome":"São Roque do Canaã","Estado":"8"},{"ID":"70","Nome":"Serra","Estado":"8"},{"ID":"71","Nome":"Sooretama","Estado":"8"},{"ID":"72","Nome":"Vargem Alta","Estado":"8"},{"ID":"73","Nome":"Venda Nova do Imigrante","Estado":"8"},{"ID":"74","Nome":"Viana","Estado":"8"},{"ID":"75","Nome":"Vila Pavão","Estado":"8"},{"ID":"76","Nome":"Vila Valério","Estado":"8"},{"ID":"77","Nome":"Vila Velha","Estado":"8"},{"ID":"78","Nome":"Vitória","Estado":"8"}]