[{"ID":"883","Nome":"Abadia de Goiás","Estado":"9"},{"ID":"884","Nome":"Abadiânia","Estado":"9"},{"ID":"885","Nome":"Acreúna","Estado":"9"},{"ID":"886","Nome":"Adelândia","Estado":"9"},{"ID":"887","Nome":"Água Fria de Goiás","Estado":"9"},{"ID":"888","Nome":"Água Limpa","Estado":"9"},{"ID":"889","Nome":"Águas Lindas de Goiás","Estado":"9"},{"ID":"890","Nome":"Alexânia","Estado":"9"},{"ID":"891","Nome":"Aloândia","Estado":"9"},{"ID":"892","Nome":"Alto Horizonte","Estado":"9"},{"ID":"893","Nome":"Alto Paraíso de Goiás","Estado":"9"},{"ID":"894","Nome":"Alvorada do Norte","Estado":"9"},{"ID":"895","Nome":"Amaralina","Estado":"9"},{"ID":"896","Nome":"Americano do Brasil","Estado":"9"},{"ID":"897","Nome":"Amorinópolis","Estado":"9"},{"ID":"898","Nome":"Anápolis","Estado":"9"},{"ID":"899","Nome":"Anhanguera","Estado":"9"},{"ID":"900","Nome":"Anicuns","Estado":"9"},{"ID":"901","Nome":"Aparecida de Goiânia","Estado":"9"},{"ID":"902","Nome":"Aparecida do Rio Doce","Estado":"9"},{"ID":"903","Nome":"Aporé","Estado":"9"},{"ID":"904","Nome":"Araçu","Estado":"9"},{"ID":"905","Nome":"Aragarças","Estado":"9"},{"ID":"906","Nome":"Aragoiânia","Estado":"9"},{"ID":"907","Nome":"Araguapaz","Estado":"9"},{"ID":"908","Nome":"Arenópolis","Estado":"9"},{"ID":"909","Nome":"Aruanã","Estado":"9"},{"ID":"910","Nome":"Aurilândia","Estado":"9"},{"ID":"911","Nome":"Avelinópolis","Estado":"9"},{"ID":"912","Nome":"Baliza","Estado":"9"},{"ID":"913","Nome":"Barro Alto","Estado":"9"},{"ID":"914","Nome":"Bela Vista de Goiás","Estado":"9"},{"ID":"915","Nome":"Bom Jardim de Goiás","Estado":"9"},{"ID":"916","Nome":"Bom Jesus de Goiás","Estado":"9"},{"ID":"917","Nome":"Bonfinópolis","Estado":"9"},{"ID":"918","Nome":"Bonópolis","Estado":"9"},{"ID":"919","Nome":"Brazabrantes","Estado":"9"},{"ID":"920","Nome":"Britânia","Estado":"9"},{"ID":"921","Nome":"Buriti Alegre","Estado":"9"},{"ID":"922","Nome":"Buriti de Goiás","Estado":"9"},{"ID":"923","Nome":"Buritinópolis","Estado":"9"},{"ID":"924","Nome":"Cabeceiras","Estado":"9"},{"ID":"925","Nome":"Cachoeira Alta","Estado":"9"},{"ID":"926","Nome":"Cachoeira de Goiás","Estado":"9"},{"ID":"927","Nome":"Cachoeira Dourada","Estado":"9"},{"ID":"928","Nome":"Caçu","Estado":"9"},{"ID":"929","Nome":"Caiapônia","Estado":"9"},{"ID":"930","Nome":"Caldas Novas","Estado":"9"},{"ID":"931","Nome":"Caldazinha","Estado":"9"},{"ID":"932","Nome":"Campestre de Goiás","Estado":"9"},{"ID":"933","Nome":"Campinaçu","Estado":"9"},{"ID":"934","Nome":"Campinorte","Estado":"9"},{"ID":"935","Nome":"Campo Alegre de Goiás","Estado":"9"},{"ID":"936","Nome":"Campo Limpo de Goiás","Estado":"9"},{"ID":"937","Nome":"Campos Belos","Estado":"9"},{"ID":"938","Nome":"Campos Verdes","Estado":"9"},{"ID":"939","Nome":"Carmo do Rio Verde","Estado":"9"},{"ID":"940","Nome":"Castelândia","Estado":"9"},{"ID":"941","Nome":"Catalão","Estado":"9"},{"ID":"942","Nome":"Caturaí","Estado":"9"},{"ID":"943","Nome":"Cavalcante","Estado":"9"},{"ID":"944","Nome":"Ceres","Estado":"9"},{"ID":"945","Nome":"Cezarina","Estado":"9"},{"ID":"946","Nome":"Chapadão do Céu","Estado":"9"},{"ID":"947","Nome":"Cidade Ocidental","Estado":"9"},{"ID":"948","Nome":"Cocalzinho de Goiás","Estado":"9"},{"ID":"949","Nome":"Colinas do Sul","Estado":"9"},{"ID":"950","Nome":"Córrego do Ouro","Estado":"9"},{"ID":"951","Nome":"Corumbá de Goiás","Estado":"9"},{"ID":"952","Nome":"Corumbaíba","Estado":"9"},{"ID":"953","Nome":"Cristalina","Estado":"9"},{"ID":"954","Nome":"Cristianópolis","Estado":"9"},{"ID":"955","Nome":"Crixás","Estado":"9"},{"ID":"956","Nome":"Cromínia","Estado":"9"},{"ID":"957","Nome":"Cumari","Estado":"9"},{"ID":"958","Nome":"Damianópolis","Estado":"9"},{"ID":"959","Nome":"Damolândia","Estado":"9"},{"ID":"960","Nome":"Davinópolis","Estado":"9"},{"ID":"961","Nome":"Diorama","Estado":"9"},{"ID":"962","Nome":"Divinópolis de Goiás","Estado":"9"},{"ID":"963","Nome":"Doverlândia","Estado":"9"},{"ID":"964","Nome":"Edealina","Estado":"9"},{"ID":"965","Nome":"Edéia","Estado":"9"},{"ID":"966","Nome":"Estrela do Norte","Estado":"9"},{"ID":"967","Nome":"Faina","Estado":"9"},{"ID":"968","Nome":"Fazenda Nova","Estado":"9"},{"ID":"969","Nome":"Firminópolis","Estado":"9"},{"ID":"970","Nome":"Flores de Goiás","Estado":"9"},{"ID":"971","Nome":"Formosa","Estado":"9"},{"ID":"972","Nome":"Formoso","Estado":"9"},{"ID":"973","Nome":"Gameleira de Goiás","Estado":"9"},{"ID":"974","Nome":"Goianápolis","Estado":"9"},{"ID":"975","Nome":"Goiandira","Estado":"9"},{"ID":"976","Nome":"Goianésia","Estado":"9"},{"ID":"977","Nome":"Goiânia","Estado":"9"},{"ID":"978","Nome":"Goianira","Estado":"9"},{"ID":"979","Nome":"Goiás","Estado":"9"},{"ID":"980","Nome":"Goiatuba","Estado":"9"},{"ID":"981","Nome":"Gouvelândia","Estado":"9"},{"ID":"982","Nome":"Guapó","Estado":"9"},{"ID":"983","Nome":"Guaraíta","Estado":"9"},{"ID":"984","Nome":"Guarani de Goiás","Estado":"9"},{"ID":"985","Nome":"Guarinos","Estado":"9"},{"ID":"986","Nome":"Heitoraí","Estado":"9"},{"ID":"987","Nome":"Hidrolândia","Estado":"9"},{"ID":"988","Nome":"Hidrolina","Estado":"9"},{"ID":"989","Nome":"Iaciara","Estado":"9"},{"ID":"990","Nome":"Inaciolândia","Estado":"9"},{"ID":"991","Nome":"Indiara","Estado":"9"},{"ID":"992","Nome":"Inhumas","Estado":"9"},{"ID":"993","Nome":"Ipameri","Estado":"9"},{"ID":"994","Nome":"Ipiranga de Goiás","Estado":"9"},{"ID":"995","Nome":"Iporá","Estado":"9"},{"ID":"996","Nome":"Israelândia","Estado":"9"},{"ID":"997","Nome":"Itaberaí","Estado":"9"},{"ID":"998","Nome":"Itaguari","Estado":"9"},{"ID":"999","Nome":"Itaguaru","Estado":"9"},{"ID":"1000","Nome":"Itajá","Estado":"9"},{"ID":"1001","Nome":"Itapaci","Estado":"9"},{"ID":"1002","Nome":"Itapirapuã","Estado":"9"},{"ID":"1003","Nome":"Itapuranga","Estado":"9"},{"ID":"1004","Nome":"Itarumã","Estado":"9"},{"ID":"1005","Nome":"Itauçu","Estado":"9"},{"ID":"1006","Nome":"Itumbiara","Estado":"9"},{"ID":"1007","Nome":"Ivolândia","Estado":"9"},{"ID":"1008","Nome":"Jandaia","Estado":"9"},{"ID":"1009","Nome":"Jaraguá","Estado":"9"},{"ID":"1010","Nome":"Jataí","Estado":"9"},{"ID":"1011","Nome":"Jaupaci","Estado":"9"},{"ID":"1012","Nome":"Jesúpolis","Estado":"9"},{"ID":"1013","Nome":"Joviânia","Estado":"9"},{"ID":"1014","Nome":"Jussara","Estado":"9"},{"ID":"1015","Nome":"Lagoa Santa","Estado":"9"},{"ID":"1016","Nome":"Leopoldo de Bulhões","Estado":"9"},{"ID":"1017","Nome":"Luziânia","Estado":"9"},{"ID":"1018","Nome":"Mairipotaba","Estado":"9"},{"ID":"1019","Nome":"Mambaí","Estado":"9"},{"ID":"1020","Nome":"Mara Rosa","Estado":"9"},{"ID":"1021","Nome":"Marzagão","Estado":"9"},{"ID":"1022","Nome":"Matrinchã","Estado":"9"},{"ID":"1023","Nome":"Maurilândia","Estado":"9"},{"ID":"1024","Nome":"Mimoso de Goiás","Estado":"9"},{"ID":"1025","Nome":"Minaçu","Estado":"9"},{"ID":"1026","Nome":"Mineiros","Estado":"9"},{"ID":"1027","Nome":"Moiporá","Estado":"9"},{"ID":"1028","Nome":"Monte Alegre de Goiás","Estado":"9"},{"ID":"1029","Nome":"Montes Claros de Goiás","Estado":"9"},{"ID":"1030","Nome":"Montividiu","Estado":"9"},{"ID":"1031","Nome":"Montividiu do Norte","Estado":"9"},{"ID":"1032","Nome":"Morrinhos","Estado":"9"},{"ID":"1033","Nome":"Morro Agudo de Goiás","Estado":"9"},{"ID":"1034","Nome":"Mossâmedes","Estado":"9"},{"ID":"1035","Nome":"Mozarlândia","Estado":"9"},{"ID":"1036","Nome":"Mundo Novo","Estado":"9"},{"ID":"1037","Nome":"Mutunópolis","Estado":"9"},{"ID":"1038","Nome":"Nazário","Estado":"9"},{"ID":"1039","Nome":"Nerópolis","Estado":"9"},{"ID":"1040","Nome":"Niquelândia","Estado":"9"},{"ID":"1041","Nome":"Nova América","Estado":"9"},{"ID":"1042","Nome":"Nova Aurora","Estado":"9"},{"ID":"1043","Nome":"Nova Crixás","Estado":"9"},{"ID":"1044","Nome":"Nova Glória","Estado":"9"},{"ID":"1045","Nome":"Nova Iguaçu de Goiás","Estado":"9"},{"ID":"1046","Nome":"Nova Roma","Estado":"9"},{"ID":"1047","Nome":"Nova Veneza","Estado":"9"},{"ID":"1048","Nome":"Novo Brasil","Estado":"9"},{"ID":"1049","Nome":"Novo Gama","Estado":"9"},{"ID":"1050","Nome":"Novo Planalto","Estado":"9"},{"ID":"1051","Nome":"Orizona","Estado":"9"},{"ID":"1052","Nome":"Ouro Verde de Goiás","Estado":"9"},{"ID":"1053","Nome":"Ouvidor","Estado":"9"},{"ID":"1054","Nome":"Padre Bernardo","Estado":"9"},{"ID":"1055","Nome":"Palestina de Goiás","Estado":"9"},{"ID":"1056","Nome":"Palmeiras de Goiás","Estado":"9"},{"ID":"1057","Nome":"Palmelo","Estado":"9"},{"ID":"1058","Nome":"Palminópolis","Estado":"9"},{"ID":"1059","Nome":"Panamá","Estado":"9"},{"ID":"1060","Nome":"Paranaiguara","Estado":"9"},{"ID":"1061","Nome":"Paraúna","Estado":"9"},{"ID":"1062","Nome":"Perolândia","Estado":"9"},{"ID":"1063","Nome":"Petrolina de Goiás","Estado":"9"},{"ID":"1064","Nome":"Pilar de Goiás","Estado":"9"},{"ID":"1065","Nome":"Piracanjuba","Estado":"9"},{"ID":"1066","Nome":"Piranhas","Estado":"9"},{"ID":"1067","Nome":"Pirenópolis","Estado":"9"},{"ID":"1068","Nome":"Pires do Rio","Estado":"9"},{"ID":"1069","Nome":"Planaltina","Estado":"9"},{"ID":"1070","Nome":"Pontalina","Estado":"9"},{"ID":"1071","Nome":"Porangatu","Estado":"9"},{"ID":"1072","Nome":"Porteirão","Estado":"9"},{"ID":"1073","Nome":"Portelândia","Estado":"9"},{"ID":"1074","Nome":"Posse","Estado":"9"},{"ID":"1075","Nome":"Professor Jamil","Estado":"9"},{"ID":"1076","Nome":"Quirinópolis","Estado":"9"},{"ID":"1077","Nome":"Rialma","Estado":"9"},{"ID":"1078","Nome":"Rianápolis","Estado":"9"},{"ID":"1079","Nome":"Rio Quente","Estado":"9"},{"ID":"1080","Nome":"Rio Verde","Estado":"9"},{"ID":"1081","Nome":"Rubiataba","Estado":"9"},{"ID":"1082","Nome":"Sanclerlândia","Estado":"9"},{"ID":"1083","Nome":"Santa Bárbara de Goiás","Estado":"9"},{"ID":"1084","Nome":"Santa Cruz de Goiás","Estado":"9"},{"ID":"1085","Nome":"Santa Fé de Goiás","Estado":"9"},{"ID":"1086","Nome":"Santa Helena de Goiás","Estado":"9"},{"ID":"1087","Nome":"Santa Isabel","Estado":"9"},{"ID":"1088","Nome":"Santa Rita do Araguaia","Estado":"9"},{"ID":"1089","Nome":"Santa Rita do Novo Destino","Estado":"9"},{"ID":"1090","Nome":"Santa Rosa de Goiás","Estado":"9"},{"ID":"1091","Nome":"Santa Tereza de Goiás","Estado":"9"},{"ID":"1092","Nome":"Santa Terezinha de Goiás","Estado":"9"},{"ID":"1093","Nome":"Santo Antônio da Barra","Estado":"9"},{"ID":"1094","Nome":"Santo Antônio de Goiás","Estado":"9"},{"ID":"1095","Nome":"Santo Antônio do Descoberto","Estado":"9"},{"ID":"1096","Nome":"São Domingos","Estado":"9"},{"ID":"1097","Nome":"São Francisco de Goiás","Estado":"9"},{"ID":"1098","Nome":"São João d`Aliança","Estado":"9"},{"ID":"1099","Nome":"São João da Paraúna","Estado":"9"},{"ID":"1100","Nome":"São Luís de Montes Belos","Estado":"9"},{"ID":"1101","Nome":"São Luíz do Norte","Estado":"9"},{"ID":"1102","Nome":"São Miguel do Araguaia","Estado":"9"},{"ID":"1103","Nome":"São Miguel do Passa Quatro","Estado":"9"},{"ID":"1104","Nome":"São Patrício","Estado":"9"},{"ID":"1105","Nome":"São Simão","Estado":"9"},{"ID":"1106","Nome":"Senador Canedo","Estado":"9"},{"ID":"1107","Nome":"Serranópolis","Estado":"9"},{"ID":"1108","Nome":"Silvânia","Estado":"9"},{"ID":"1109","Nome":"Simolândia","Estado":"9"},{"ID":"1110","Nome":"Sítio d`Abadia","Estado":"9"},{"ID":"1111","Nome":"Taquaral de Goiás","Estado":"9"},{"ID":"1112","Nome":"Teresina de Goiás","Estado":"9"},{"ID":"1113","Nome":"Terezópolis de Goiás","Estado":"9"},{"ID":"1114","Nome":"Três Ranchos","Estado":"9"},{"ID":"1115","Nome":"Trindade","Estado":"9"},{"ID":"1116","Nome":"Trombas","Estado":"9"},{"ID":"1117","Nome":"Turvânia","Estado":"9"},{"ID":"1118","Nome":"Turvelândia","Estado":"9"},{"ID":"1119","Nome":"Uirapuru","Estado":"9"},{"ID":"1120","Nome":"Uruaçu","Estado":"9"},{"ID":"1121","Nome":"Uruana","Estado":"9"},{"ID":"1122","Nome":"Urutaí","Estado":"9"},{"ID":"1123","Nome":"Valparaíso de Goiás","Estado":"9"},{"ID":"1124","Nome":"Varjão","Estado":"9"},{"ID":"1125","Nome":"Vianópolis","Estado":"9"},{"ID":"1126","Nome":"Vicentinópolis","Estado":"9"},{"ID":"1127","Nome":"Vila Boa","Estado":"9"},{"ID":"1128","Nome":"Vila Propício","Estado":"9"}]