[{"ID":"1129","Nome":"Açailândia","Estado":"10"},{"ID":"1130","Nome":"Afonso Cunha","Estado":"10"},{"ID":"1131","Nome":"Água Doce do Maranhão","Estado":"10"},{"ID":"1132","Nome":"Alcântara","Estado":"10"},{"ID":"1133","Nome":"Aldeias Altas","Estado":"10"},{"ID":"1134","Nome":"Altamira do Maranhão","Estado":"10"},{"ID":"1135","Nome":"Alto Alegre do Maranhão","Estado":"10"},{"ID":"1136","Nome":"Alto Alegre do Pindaré","Estado":"10"},{"ID":"1137","Nome":"Alto Parnaíba","Estado":"10"},{"ID":"1138","Nome":"Amapá do Maranhão","Estado":"10"},{"ID":"1139","Nome":"Amarante do Maranhão","Estado":"10"},{"ID":"1140","Nome":"Anajatuba","Estado":"10"},{"ID":"1141","Nome":"Anapurus","Estado":"10"},{"ID":"1142","Nome":"Apicum-Açu","Estado":"10"},{"ID":"1143","Nome":"Araguanã","Estado":"10"},{"ID":"1144","Nome":"Araioses","Estado":"10"},{"ID":"1145","Nome":"Arame","Estado":"10"},{"ID":"1146","Nome":"Arari","Estado":"10"},{"ID":"1147","Nome":"Axixá","Estado":"10"},{"ID":"1148","Nome":"Bacabal","Estado":"10"},{"ID":"1149","Nome":"Bacabeira","Estado":"10"},{"ID":"1150","Nome":"Bacuri","Estado":"10"},{"ID":"1151","Nome":"Bacurituba","Estado":"10"},{"ID":"1152","Nome":"Balsas","Estado":"10"},{"ID":"1153","Nome":"Barão de Grajaú","Estado":"10"},{"ID":"1154","Nome":"Barra do Corda","Estado":"10"},{"ID":"1155","Nome":"Barreirinhas","Estado":"10"},{"ID":"1156","Nome":"Bela Vista do Maranhão","Estado":"10"},{"ID":"1157","Nome":"Belágua","Estado":"10"},{"ID":"1158","Nome":"Benedito Leite","Estado":"10"},{"ID":"1159","Nome":"Bequimão","Estado":"10"},{"ID":"1160","Nome":"Bernardo do Mearim","Estado":"10"},{"ID":"1161","Nome":"Boa Vista do Gurupi","Estado":"10"},{"ID":"1162","Nome":"Bom Jardim","Estado":"10"},{"ID":"1163","Nome":"Bom Jesus das Selvas","Estado":"10"},{"ID":"1164","Nome":"Bom Lugar","Estado":"10"},{"ID":"1165","Nome":"Brejo","Estado":"10"},{"ID":"1166","Nome":"Brejo de Areia","Estado":"10"},{"ID":"1167","Nome":"Buriti","Estado":"10"},{"ID":"1168","Nome":"Buriti Bravo","Estado":"10"},{"ID":"1169","Nome":"Buriticupu","Estado":"10"},{"ID":"1170","Nome":"Buritirana","Estado":"10"},{"ID":"1171","Nome":"Cachoeira Grande","Estado":"10"},{"ID":"1172","Nome":"Cajapió","Estado":"10"},{"ID":"1173","Nome":"Cajari","Estado":"10"},{"ID":"1174","Nome":"Campestre do Maranhão","Estado":"10"},{"ID":"1175","Nome":"Cândido Mendes","Estado":"10"},{"ID":"1176","Nome":"Cantanhede","Estado":"10"},{"ID":"1177","Nome":"Capinzal do Norte","Estado":"10"},{"ID":"1178","Nome":"Carolina","Estado":"10"},{"ID":"1179","Nome":"Carutapera","Estado":"10"},{"ID":"1180","Nome":"Caxias","Estado":"10"},{"ID":"1181","Nome":"Cedral","Estado":"10"},{"ID":"1182","Nome":"Central do Maranhão","Estado":"10"},{"ID":"1183","Nome":"Centro do Guilherme","Estado":"10"},{"ID":"1184","Nome":"Centro Novo do Maranhão","Estado":"10"},{"ID":"1185","Nome":"Chapadinha","Estado":"10"},{"ID":"1186","Nome":"Cidelândia","Estado":"10"},{"ID":"1187","Nome":"Codó","Estado":"10"},{"ID":"1188","Nome":"Coelho Neto","Estado":"10"},{"ID":"1189","Nome":"Colinas","Estado":"10"},{"ID":"1190","Nome":"Conceição do Lago-Açu","Estado":"10"},{"ID":"1191","Nome":"Coroatá","Estado":"10"},{"ID":"1192","Nome":"Cururupu","Estado":"10"},{"ID":"1193","Nome":"Davinópolis","Estado":"10"},{"ID":"1194","Nome":"Dom Pedro","Estado":"10"},{"ID":"1195","Nome":"Duque Bacelar","Estado":"10"},{"ID":"1196","Nome":"Esperantinópolis","Estado":"10"},{"ID":"1197","Nome":"Estreito","Estado":"10"},{"ID":"1198","Nome":"Feira Nova do Maranhão","Estado":"10"},{"ID":"1199","Nome":"Fernando Falcão","Estado":"10"},{"ID":"1200","Nome":"Formosa da Serra Negra","Estado":"10"},{"ID":"1201","Nome":"Fortaleza dos Nogueiras","Estado":"10"},{"ID":"1202","Nome":"Fortuna","Estado":"10"},{"ID":"1203","Nome":"Godofredo Viana","Estado":"10"},{"ID":"1204","Nome":"Gonçalves Dias","Estado":"10"},{"ID":"1205","Nome":"Governador Archer","Estado":"10"},{"ID":"1206","Nome":"Governador Edison Lobão","Estado":"10"},{"ID":"1207","Nome":"Governador Eugênio Barros","Estado":"10"},{"ID":"1208","Nome":"Governador Luiz Rocha","Estado":"10"},{"ID":"1209","Nome":"Governador Newton Bello","Estado":"10"},{"ID":"1210","Nome":"Governador Nunes Freire","Estado":"10"},{"ID":"1211","Nome":"Graça Aranha","Estado":"10"},{"ID":"1212","Nome":"Grajaú","Estado":"10"},{"ID":"1213","Nome":"Guimarães","Estado":"10"},{"ID":"1214","Nome":"Humberto de Campos","Estado":"10"},{"ID":"1215","Nome":"Icatu","Estado":"10"},{"ID":"1216","Nome":"Igarapé do Meio","Estado":"10"},{"ID":"1217","Nome":"Igarapé Grande","Estado":"10"},{"ID":"1218","Nome":"Imperatriz","Estado":"10"},{"ID":"1219","Nome":"Itaipava do Grajaú","Estado":"10"},{"ID":"1220","Nome":"Itapecuru Mirim","Estado":"10"},{"ID":"1221","Nome":"Itinga do Maranhão","Estado":"10"},{"ID":"1222","Nome":"Jatobá","Estado":"10"},{"ID":"1223","Nome":"Jenipapo dos Vieiras","Estado":"10"},{"ID":"1224","Nome":"João Lisboa","Estado":"10"},{"ID":"1225","Nome":"Joselândia","Estado":"10"},{"ID":"1226","Nome":"Junco do Maranhão","Estado":"10"},{"ID":"1227","Nome":"Lago da Pedra","Estado":"10"},{"ID":"1228","Nome":"Lago do Junco","Estado":"10"},{"ID":"1229","Nome":"Lago dos Rodrigues","Estado":"10"},{"ID":"1230","Nome":"Lago Verde","Estado":"10"},{"ID":"1231","Nome":"Lagoa do Mato","Estado":"10"},{"ID":"1232","Nome":"Lagoa Grande do Maranhão","Estado":"10"},{"ID":"1233","Nome":"Lajeado Novo","Estado":"10"},{"ID":"1234","Nome":"Lima Campos","Estado":"10"},{"ID":"1235","Nome":"Loreto","Estado":"10"},{"ID":"1236","Nome":"Luís Domingues","Estado":"10"},{"ID":"1237","Nome":"Magalhães de Almeida","Estado":"10"},{"ID":"1238","Nome":"Maracaçumé","Estado":"10"},{"ID":"1239","Nome":"Marajá do Sena","Estado":"10"},{"ID":"1240","Nome":"Maranhãozinho","Estado":"10"},{"ID":"1241","Nome":"Mata Roma","Estado":"10"},{"ID":"1242","Nome":"Matinha","Estado":"10"},{"ID":"1243","Nome":"Matões","Estado":"10"},{"ID":"1244","Nome":"Matões do Norte","Estado":"10"},{"ID":"1245","Nome":"Milagres do Maranhão","Estado":"10"},{"ID":"1246","Nome":"Mirador","Estado":"10"},{"ID":"1247","Nome":"Miranda do Norte","Estado":"10"},{"ID":"1248","Nome":"Mirinzal","Estado":"10"},{"ID":"1249","Nome":"Monção","Estado":"10"},{"ID":"1250","Nome":"Montes Altos","Estado":"10"},{"ID":"1251","Nome":"Morros","Estado":"10"},{"ID":"1252","Nome":"Nina Rodrigues","Estado":"10"},{"ID":"1253","Nome":"Nova Colinas","Estado":"10"},{"ID":"1254","Nome":"Nova Iorque","Estado":"10"},{"ID":"1255","Nome":"Nova Olinda do Maranhão","Estado":"10"},{"ID":"1256","Nome":"Olho d`Água das Cunhãs","Estado":"10"},{"ID":"1257","Nome":"Olinda Nova do Maranhão","Estado":"10"},{"ID":"1258","Nome":"Paço do Lumiar","Estado":"10"},{"ID":"1259","Nome":"Palmeirândia","Estado":"10"},{"ID":"1260","Nome":"Paraibano","Estado":"10"},{"ID":"1261","Nome":"Parnarama","Estado":"10"},{"ID":"1262","Nome":"Passagem Franca","Estado":"10"},{"ID":"1263","Nome":"Pastos Bons","Estado":"10"},{"ID":"1264","Nome":"Paulino Neves","Estado":"10"},{"ID":"1265","Nome":"Paulo Ramos","Estado":"10"},{"ID":"1266","Nome":"Pedreiras","Estado":"10"},{"ID":"1267","Nome":"Pedro do Rosário","Estado":"10"},{"ID":"1268","Nome":"Penalva","Estado":"10"},{"ID":"1269","Nome":"Peri Mirim","Estado":"10"},{"ID":"1270","Nome":"Peritoró","Estado":"10"},{"ID":"1271","Nome":"Pindaré-Mirim","Estado":"10"},{"ID":"1272","Nome":"Pinheiro","Estado":"10"},{"ID":"1273","Nome":"Pio XII","Estado":"10"},{"ID":"1274","Nome":"Pirapemas","Estado":"10"},{"ID":"1275","Nome":"Poção de Pedras","Estado":"10"},{"ID":"1276","Nome":"Porto Franco","Estado":"10"},{"ID":"1277","Nome":"Porto Rico do Maranhão","Estado":"10"},{"ID":"1278","Nome":"Presidente Dutra","Estado":"10"},{"ID":"1279","Nome":"Presidente Juscelino","Estado":"10"},{"ID":"1280","Nome":"Presidente Médici","Estado":"10"},{"ID":"1281","Nome":"Presidente Sarney","Estado":"10"},{"ID":"1282","Nome":"Presidente Vargas","Estado":"10"},{"ID":"1283","Nome":"Primeira Cruz","Estado":"10"},{"ID":"1284","Nome":"Raposa","Estado":"10"},{"ID":"1285","Nome":"Riachão","Estado":"10"},{"ID":"1286","Nome":"Ribamar Fiquene","Estado":"10"},{"ID":"1287","Nome":"Rosário","Estado":"10"},{"ID":"1288","Nome":"Sambaíba","Estado":"10"},{"ID":"1289","Nome":"Santa Filomena do Maranhão","Estado":"10"},{"ID":"1290","Nome":"Santa Helena","Estado":"10"},{"ID":"1291","Nome":"Santa Inês","Estado":"10"},{"ID":"1292","Nome":"Santa Luzia","Estado":"10"},{"ID":"1293","Nome":"Santa Luzia do Paruá","Estado":"10"},{"ID":"1294","Nome":"Santa Quitéria do Maranhão","Estado":"10"},{"ID":"1295","Nome":"Santa Rita","Estado":"10"},{"ID":"1296","Nome":"Santana do Maranhão","Estado":"10"},{"ID":"1297","Nome":"Santo Amaro do Maranhão","Estado":"10"},{"ID":"1298","Nome":"Santo Antônio dos Lopes","Estado":"10"},{"ID":"1299","Nome":"São Benedito do Rio Preto","Estado":"10"},{"ID":"1300","Nome":"São Bento","Estado":"10"},{"ID":"1301","Nome":"São Bernardo","Estado":"10"},{"ID":"1302","Nome":"São Domingos do Azeitão","Estado":"10"},{"ID":"1303","Nome":"São Domingos do Maranhão","Estado":"10"},{"ID":"1304","Nome":"São Félix de Balsas","Estado":"10"},{"ID":"1305","Nome":"São Francisco do Brejão","Estado":"10"},{"ID":"1306","Nome":"São Francisco do Maranhão","Estado":"10"},{"ID":"1307","Nome":"São João Batista","Estado":"10"},{"ID":"1308","Nome":"São João do Carú","Estado":"10"},{"ID":"1309","Nome":"São João do Paraíso","Estado":"10"},{"ID":"1310","Nome":"São João do Soter","Estado":"10"},{"ID":"1311","Nome":"São João dos Patos","Estado":"10"},{"ID":"1312","Nome":"São José de Ribamar","Estado":"10"},{"ID":"1313","Nome":"São José dos Basílios","Estado":"10"},{"ID":"1314","Nome":"São Luís","Estado":"10"},{"ID":"1315","Nome":"São Luís Gonzaga do Maranhão","Estado":"10"},{"ID":"1316","Nome":"São Mateus do Maranhão","Estado":"10"},{"ID":"1317","Nome":"São Pedro da Água Branca","Estado":"10"},{"ID":"1318","Nome":"São Pedro dos Crentes","Estado":"10"},{"ID":"1319","Nome":"São Raimundo das Mangabeiras","Estado":"10"},{"ID":"1320","Nome":"São Raimundo do Doca Bezerra","Estado":"10"},{"ID":"1321","Nome":"São Roberto","Estado":"10"},{"ID":"1322","Nome":"São Vicente Ferrer","Estado":"10"},{"ID":"1323","Nome":"Satubinha","Estado":"10"},{"ID":"1324","Nome":"Senador Alexandre Costa","Estado":"10"},{"ID":"1325","Nome":"Senador La Rocque","Estado":"10"},{"ID":"1326","Nome":"Serrano do Maranhão","Estado":"10"},{"ID":"1327","Nome":"Sítio Novo","Estado":"10"},{"ID":"1328","Nome":"Sucupira do Norte","Estado":"10"},{"ID":"1329","Nome":"Sucupira do Riachão","Estado":"10"},{"ID":"1330","Nome":"Tasso Fragoso","Estado":"10"},{"ID":"1331","Nome":"Timbiras","Estado":"10"},{"ID":"1332","Nome":"Timon","Estado":"10"},{"ID":"1333","Nome":"Trizidela do Vale","Estado":"10"},{"ID":"1334","Nome":"Tufilândia","Estado":"10"},{"ID":"1335","Nome":"Tuntum","Estado":"10"},{"ID":"1336","Nome":"Turiaçu","Estado":"10"},{"ID":"1337","Nome":"Turilândia","Estado":"10"},{"ID":"1338","Nome":"Tutóia","Estado":"10"},{"ID":"1339","Nome":"Urbano Santos","Estado":"10"},{"ID":"1340","Nome":"Vargem Grande","Estado":"10"},{"ID":"1341","Nome":"Viana","Estado":"10"},{"ID":"1342","Nome":"Vila Nova dos Martírios","Estado":"10"},{"ID":"1343","Nome":"Vitória do Mearim","Estado":"10"},{"ID":"1344","Nome":"Vitorino Freire","Estado":"10"},{"ID":"1345","Nome":"Zé Doca","Estado":"10"}]