[{"ID":"1487","Nome":"Água Clara","Estado":"12"},{"ID":"1488","Nome":"Alcinópolis","Estado":"12"},{"ID":"1489","Nome":"Amambaí","Estado":"12"},{"ID":"1490","Nome":"Anastácio","Estado":"12"},{"ID":"1491","Nome":"Anaurilândia","Estado":"12"},{"ID":"1492","Nome":"Angélica","Estado":"12"},{"ID":"1493","Nome":"Antônio João","Estado":"12"},{"ID":"1494","Nome":"Aparecida do Taboado","Estado":"12"},{"ID":"1495","Nome":"Aquidauana","Estado":"12"},{"ID":"1496","Nome":"Aral Moreira","Estado":"12"},{"ID":"1497","Nome":"Bandeirantes","Estado":"12"},{"ID":"1498","Nome":"Bataguassu","Estado":"12"},{"ID":"1499","Nome":"Bataiporã","Estado":"12"},{"ID":"1500","Nome":"Bela Vista","Estado":"12"},{"ID":"1501","Nome":"Bodoquena","Estado":"12"},{"ID":"1502","Nome":"Bonito","Estado":"12"},{"ID":"1503","Nome":"Brasilândia","Estado":"12"},{"ID":"1504","Nome":"Caarapó","Estado":"12"},{"ID":"1505","Nome":"Camapuã","Estado":"12"},{"ID":"1506","Nome":"Campo Grande","Estado":"12"},{"ID":"1507","Nome":"Caracol","Estado":"12"},{"ID":"1508","Nome":"Cassilândia","Estado":"12"},{"ID":"1509","Nome":"Chapadão do Sul","Estado":"12"},{"ID":"1510","Nome":"Corguinho","Estado":"12"},{"ID":"1511","Nome":"Coronel Sapucaia","Estado":"12"},{"ID":"1512","Nome":"Corumbá","Estado":"12"},{"ID":"1513","Nome":"Costa Rica","Estado":"12"},{"ID":"1514","Nome":"Coxim","Estado":"12"},{"ID":"1515","Nome":"Deodápolis","Estado":"12"},{"ID":"1516","Nome":"Dois Irmãos do Buriti","Estado":"12"},{"ID":"1517","Nome":"Douradina","Estado":"12"},{"ID":"1518","Nome":"Dourados","Estado":"12"},{"ID":"1519","Nome":"Eldorado","Estado":"12"},{"ID":"1520","Nome":"Fátima do Sul","Estado":"12"},{"ID":"1521","Nome":"Figueirão","Estado":"12"},{"ID":"1522","Nome":"Glória de Dourados","Estado":"12"},{"ID":"1523","Nome":"Guia Lopes da Laguna","Estado":"12"},{"ID":"1524","Nome":"Iguatemi","Estado":"12"},{"ID":"1525","Nome":"Inocência","Estado":"12"},{"ID":"1526","Nome":"Itaporã","Estado":"12"},{"ID":"1527","Nome":"Itaquiraí","Estado":"12"},{"ID":"1528","Nome":"Ivinhema","Estado":"12"},{"ID":"1529","Nome":"Japorã","Estado":"12"},{"ID":"1530","Nome":"Jaraguari","Estado":"12"},{"ID":"1531","Nome":"Jardim","Estado":"12"},{"ID":"1532","Nome":"Jateí","Estado":"12"},{"ID":"1533","Nome":"Juti","Estado":"12"},{"ID":"1534","Nome":"Ladário","Estado":"12"},{"ID":"1535","Nome":"Laguna Carapã","Estado":"12"},{"ID":"1536","Nome":"Maracaju","Estado":"12"},{"ID":"1537","Nome":"Miranda","Estado":"12"},{"ID":"1538","Nome":"Mundo Novo","Estado":"12"},{"ID":"1539","Nome":"Naviraí","Estado":"12"},{"ID":"1540","Nome":"Nioaque","Estado":"12"},{"ID":"1541","Nome":"Nova Alvorada do Sul","Estado":"12"},{"ID":"1542","Nome":"Nova Andradina","Estado":"12"},{"ID":"1543","Nome":"Novo Horizonte do Sul","Estado":"12"},{"ID":"1544","Nome":"Paranaíba","Estado":"12"},{"ID":"1545","Nome":"Paranhos","Estado":"12"},{"ID":"1546","Nome":"Pedro Gomes","Estado":"12"},{"ID":"1547","Nome":"Ponta Porã","Estado":"12"},{"ID":"1548","Nome":"Porto Murtinho","Estado":"12"},{"ID":"1549","Nome":"Ribas do Rio Pardo","Estado":"12"},{"ID":"1550","Nome":"Rio Brilhante","Estado":"12"},{"ID":"1551","Nome":"Rio Negro","Estado":"12"},{"ID":"1552","Nome":"Rio Verde de Mato Grosso","Estado":"12"},{"ID":"1553","Nome":"Rochedo","Estado":"12"},{"ID":"1554","Nome":"Santa Rita do Pardo","Estado":"12"},{"ID":"1555","Nome":"São Gabriel do Oeste","Estado":"12"},{"ID":"1556","Nome":"Selvíria","Estado":"12"},{"ID":"1557","Nome":"Sete Quedas","Estado":"12"},{"ID":"1558","Nome":"Sidrolândia","Estado":"12"},{"ID":"1559","Nome":"Sonora","Estado":"12"},{"ID":"1560","Nome":"Tacuru","Estado":"12"},{"ID":"1561","Nome":"Taquarussu","Estado":"12"},{"ID":"1562","Nome":"Terenos","Estado":"12"},{"ID":"1563","Nome":"Três Lagoas","Estado":"12"},{"ID":"1564","Nome":"Vicentina","Estado":"12"}]