[{"ID":"1346","Nome":"Acorizal","Estado":"13"},{"ID":"1347","Nome":"Água Boa","Estado":"13"},{"ID":"1348","Nome":"Alta Floresta","Estado":"13"},{"ID":"1349","Nome":"Alto Araguaia","Estado":"13"},{"ID":"1350","Nome":"Alto Boa Vista","Estado":"13"},{"ID":"1351","Nome":"Alto Garças","Estado":"13"},{"ID":"1352","Nome":"Alto Paraguai","Estado":"13"},{"ID":"1353","Nome":"Alto Taquari","Estado":"13"},{"ID":"1354","Nome":"Apiacás","Estado":"13"},{"ID":"1355","Nome":"Araguaiana","Estado":"13"},{"ID":"1356","Nome":"Araguainha","Estado":"13"},{"ID":"1357","Nome":"Araputanga","Estado":"13"},{"ID":"1358","Nome":"Arenápolis","Estado":"13"},{"ID":"1359","Nome":"Aripuanã","Estado":"13"},{"ID":"1360","Nome":"Barão de Melgaço","Estado":"13"},{"ID":"1361","Nome":"Barra do Bugres","Estado":"13"},{"ID":"1362","Nome":"Barra do Garças","Estado":"13"},{"ID":"1363","Nome":"Bom Jesus do Araguaia","Estado":"13"},{"ID":"1364","Nome":"Brasnorte","Estado":"13"},{"ID":"1365","Nome":"Cáceres","Estado":"13"},{"ID":"1366","Nome":"Campinápolis","Estado":"13"},{"ID":"1367","Nome":"Campo Novo do Parecis","Estado":"13"},{"ID":"1368","Nome":"Campo Verde","Estado":"13"},{"ID":"1369","Nome":"Campos de Júlio","Estado":"13"},{"ID":"1370","Nome":"Canabrava do Norte","Estado":"13"},{"ID":"1371","Nome":"Canarana","Estado":"13"},{"ID":"1372","Nome":"Carlinda","Estado":"13"},{"ID":"1373","Nome":"Castanheira","Estado":"13"},{"ID":"1374","Nome":"Chapada dos Guimarães","Estado":"13"},{"ID":"1375","Nome":"Cláudia","Estado":"13"},{"ID":"1376","Nome":"Cocalinho","Estado":"13"},{"ID":"1377","Nome":"Colíder","Estado":"13"},{"ID":"1378","Nome":"Colniza","Estado":"13"},{"ID":"1379","Nome":"Comodoro","Estado":"13"},{"ID":"1380","Nome":"Confresa","Estado":"13"},{"ID":"1381","Nome":"Conquista d`Oeste","Estado":"13"},{"ID":"1382","Nome":"Cotriguaçu","Estado":"13"},{"ID":"1383","Nome":"Cuiabá","Estado":"13"},{"ID":"1384","Nome":"Curvelândia","Estado":"13"},{"ID":"1385","Nome":"Curvelândia","Estado":"13"},{"ID":"1386","Nome":"Denise","Estado":"13"},{"ID":"1387","Nome":"Diamantino","Estado":"13"},{"ID":"1388","Nome":"Dom Aquino","Estado":"13"},{"ID":"1389","Nome":"Feliz Natal","Estado":"13"},{"ID":"1390","Nome":"Figueirópolis d`Oeste","Estado":"13"},{"ID":"1391","Nome":"Gaúcha do Norte","Estado":"13"},{"ID":"1392","Nome":"General Carneiro","Estado":"13"},{"ID":"1393","Nome":"Glória d`Oeste","Estado":"13"},{"ID":"1394","Nome":"Guarantã do Norte","Estado":"13"},{"ID":"1395","Nome":"Guiratinga","Estado":"13"},{"ID":"1396","Nome":"Indiavaí","Estado":"13"},{"ID":"1397","Nome":"Ipiranga do Norte","Estado":"13"},{"ID":"1398","Nome":"Itanhangá","Estado":"13"},{"ID":"1399","Nome":"Itaúba","Estado":"13"},{"ID":"1400","Nome":"Itiquira","Estado":"13"},{"ID":"1401","Nome":"Jaciara","Estado":"13"},{"ID":"1402","Nome":"Jangada","Estado":"13"},{"ID":"1403","Nome":"Jauru","Estado":"13"},{"ID":"1404","Nome":"Juara","Estado":"13"},{"ID":"1405","Nome":"Juína","Estado":"13"},{"ID":"1406","Nome":"Juruena","Estado":"13"},{"ID":"1407","Nome":"Juscimeira","Estado":"13"},{"ID":"1408","Nome":"Lambari d`Oeste","Estado":"13"},{"ID":"1409","Nome":"Lucas do Rio Verde","Estado":"13"},{"ID":"1410","Nome":"Luciára","Estado":"13"},{"ID":"1411","Nome":"Marcelândia","Estado":"13"},{"ID":"1412","Nome":"Matupá","Estado":"13"},{"ID":"1413","Nome":"Mirassol d`Oeste","Estado":"13"},{"ID":"1414","Nome":"Nobres","Estado":"13"},{"ID":"1415","Nome":"Nortelândia","Estado":"13"},{"ID":"1416","Nome":"Nossa Senhora do Livramento","Estado":"13"},{"ID":"1417","Nome":"Nova Bandeirantes","Estado":"13"},{"ID":"1418","Nome":"Nova Brasilândia","Estado":"13"},{"ID":"1419","Nome":"Nova Canaã do Norte","Estado":"13"},{"ID":"1420","Nome":"Nova Guarita","Estado":"13"},{"ID":"1421","Nome":"Nova Lacerda","Estado":"13"},{"ID":"1422","Nome":"Nova Marilândia","Estado":"13"},{"ID":"1423","Nome":"Nova Maringá","Estado":"13"},{"ID":"1424","Nome":"Nova Monte verde","Estado":"13"},{"ID":"1425","Nome":"Nova Mutum","Estado":"13"},{"ID":"1426","Nome":"Nova Olímpia","Estado":"13"},{"ID":"1427","Nome":"Nova Santa Helena","Estado":"13"},{"ID":"1428","Nome":"Nova Ubiratã","Estado":"13"},{"ID":"1429","Nome":"Nova Xavantina","Estado":"13"},{"ID":"1430","Nome":"Novo Horizonte do Norte","Estado":"13"},{"ID":"1431","Nome":"Novo Mundo","Estado":"13"},{"ID":"1432","Nome":"Novo Santo Antônio","Estado":"13"},{"ID":"1433","Nome":"Novo São Joaquim","Estado":"13"},{"ID":"1434","Nome":"Paranaíta","Estado":"13"},{"ID":"1435","Nome":"Paranatinga","Estado":"13"},{"ID":"1436","Nome":"Pedra Preta","Estado":"13"},{"ID":"1437","Nome":"Peixoto de Azevedo","Estado":"13"},{"ID":"1438","Nome":"Planalto da Serra","Estado":"13"},{"ID":"1439","Nome":"Poconé","Estado":"13"},{"ID":"1440","Nome":"Pontal do Araguaia","Estado":"13"},{"ID":"1441","Nome":"Ponte Branca","Estado":"13"},{"ID":"1442","Nome":"Pontes e Lacerda","Estado":"13"},{"ID":"1443","Nome":"Porto Alegre do Norte","Estado":"13"},{"ID":"1444","Nome":"Porto dos Gaúchos","Estado":"13"},{"ID":"1445","Nome":"Porto Esperidião","Estado":"13"},{"ID":"1446","Nome":"Porto Estrela","Estado":"13"},{"ID":"1447","Nome":"Poxoréo","Estado":"13"},{"ID":"1448","Nome":"Primavera do Leste","Estado":"13"},{"ID":"1449","Nome":"Querência","Estado":"13"},{"ID":"1450","Nome":"Reserva do Cabaçal","Estado":"13"},{"ID":"1451","Nome":"Ribeirão Cascalheira","Estado":"13"},{"ID":"1452","Nome":"Ribeirãozinho","Estado":"13"},{"ID":"1453","Nome":"Rio Branco","Estado":"13"},{"ID":"1454","Nome":"Rondolândia","Estado":"13"},{"ID":"1455","Nome":"Rondonópolis","Estado":"13"},{"ID":"1456","Nome":"Rosário Oeste","Estado":"13"},{"ID":"1457","Nome":"Salto do Céu","Estado":"13"},{"ID":"1458","Nome":"Santa Carmem","Estado":"13"},{"ID":"1459","Nome":"Santa Cruz do Xingu","Estado":"13"},{"ID":"1460","Nome":"Santa Rita do Trivelato","Estado":"13"},{"ID":"1461","Nome":"Santa Terezinha","Estado":"13"},{"ID":"1462","Nome":"Santo Afonso","Estado":"13"},{"ID":"1463","Nome":"Santo Antônio do Leste","Estado":"13"},{"ID":"1464","Nome":"Santo Antônio do Leverger","Estado":"13"},{"ID":"1465","Nome":"São Félix do Araguaia","Estado":"13"},{"ID":"1466","Nome":"São José do Povo","Estado":"13"},{"ID":"1467","Nome":"São José do Rio Claro","Estado":"13"},{"ID":"1468","Nome":"São José do Xingu","Estado":"13"},{"ID":"1469","Nome":"São José dos Quatro Marcos","Estado":"13"},{"ID":"1470","Nome":"São Pedro da Cipa","Estado":"13"},{"ID":"1471","Nome":"Sapezal","Estado":"13"},{"ID":"1472","Nome":"Serra Nova Dourada","Estado":"13"},{"ID":"1473","Nome":"Sinop","Estado":"13"},{"ID":"1474","Nome":"Sorriso","Estado":"13"},{"ID":"1475","Nome":"Tabaporã","Estado":"13"},{"ID":"1476","Nome":"Tangará da Serra","Estado":"13"},{"ID":"1477","Nome":"Tapurah","Estado":"13"},{"ID":"1478","Nome":"Terra Nova do Norte","Estado":"13"},{"ID":"1479","Nome":"Tesouro","Estado":"13"},{"ID":"1480","Nome":"Torixoréu","Estado":"13"},{"ID":"1481","Nome":"União do Sul","Estado":"13"},{"ID":"1482","Nome":"Vale de São Domingos","Estado":"13"},{"ID":"1483","Nome":"Várzea Grande","Estado":"13"},{"ID":"1484","Nome":"Vera","Estado":"13"},{"ID":"1485","Nome":"Vila Bela da Santíssima Trindade","Estado":"13"},{"ID":"1486","Nome":"Vila Rica","Estado":"13"}]