[{"ID":"2418","Nome":"Abaetetuba","Estado":"14"},{"ID":"2419","Nome":"Abel Figueiredo","Estado":"14"},{"ID":"2420","Nome":"Acará","Estado":"14"},{"ID":"2421","Nome":"Afuá","Estado":"14"},{"ID":"2422","Nome":"Água Azul do Norte","Estado":"14"},{"ID":"2423","Nome":"Alenquer","Estado":"14"},{"ID":"2424","Nome":"Almeirim","Estado":"14"},{"ID":"2425","Nome":"Altamira","Estado":"14"},{"ID":"2426","Nome":"Anajás","Estado":"14"},{"ID":"2427","Nome":"Ananindeua","Estado":"14"},{"ID":"2428","Nome":"Anapu","Estado":"14"},{"ID":"2429","Nome":"Augusto Corrêa","Estado":"14"},{"ID":"2430","Nome":"Aurora do Pará","Estado":"14"},{"ID":"2431","Nome":"Aveiro","Estado":"14"},{"ID":"2432","Nome":"Bagre","Estado":"14"},{"ID":"2433","Nome":"Baião","Estado":"14"},{"ID":"2434","Nome":"Bannach","Estado":"14"},{"ID":"2435","Nome":"Barcarena","Estado":"14"},{"ID":"2436","Nome":"Belém","Estado":"14"},{"ID":"2437","Nome":"Belterra","Estado":"14"},{"ID":"2438","Nome":"Benevides","Estado":"14"},{"ID":"2439","Nome":"Bom Jesus do Tocantins","Estado":"14"},{"ID":"2440","Nome":"Bonito","Estado":"14"},{"ID":"2441","Nome":"Bragança","Estado":"14"},{"ID":"2442","Nome":"Brasil Novo","Estado":"14"},{"ID":"2443","Nome":"Brejo Grande do Araguaia","Estado":"14"},{"ID":"2444","Nome":"Breu Branco","Estado":"14"},{"ID":"2445","Nome":"Breves","Estado":"14"},{"ID":"2446","Nome":"Bujaru","Estado":"14"},{"ID":"2447","Nome":"Cachoeira do Arari","Estado":"14"},{"ID":"2448","Nome":"Cachoeira do Piriá","Estado":"14"},{"ID":"2449","Nome":"Cametá","Estado":"14"},{"ID":"2450","Nome":"Canaã dos Carajás","Estado":"14"},{"ID":"2451","Nome":"Capanema","Estado":"14"},{"ID":"2452","Nome":"Capitão Poço","Estado":"14"},{"ID":"2453","Nome":"Castanhal","Estado":"14"},{"ID":"2454","Nome":"Chaves","Estado":"14"},{"ID":"2455","Nome":"Colares","Estado":"14"},{"ID":"2456","Nome":"Conceição do Araguaia","Estado":"14"},{"ID":"2457","Nome":"Concórdia do Pará","Estado":"14"},{"ID":"2458","Nome":"Cumaru do Norte","Estado":"14"},{"ID":"2459","Nome":"Curionópolis","Estado":"14"},{"ID":"2460","Nome":"Curralinho","Estado":"14"},{"ID":"2461","Nome":"Curuá","Estado":"14"},{"ID":"2462","Nome":"Curuçá","Estado":"14"},{"ID":"2463","Nome":"Dom Eliseu","Estado":"14"},{"ID":"2464","Nome":"Eldorado dos Carajás","Estado":"14"},{"ID":"2465","Nome":"Faro","Estado":"14"},{"ID":"2466","Nome":"Floresta do Araguaia","Estado":"14"},{"ID":"2467","Nome":"Garrafão do Norte","Estado":"14"},{"ID":"2468","Nome":"Goianésia do Pará","Estado":"14"},{"ID":"2469","Nome":"Gurupá","Estado":"14"},{"ID":"2470","Nome":"Igarapé-Açu","Estado":"14"},{"ID":"2471","Nome":"Igarapé-Miri","Estado":"14"},{"ID":"2472","Nome":"Inhangapi","Estado":"14"},{"ID":"2473","Nome":"Ipixuna do Pará","Estado":"14"},{"ID":"2474","Nome":"Irituia","Estado":"14"},{"ID":"2475","Nome":"Itaituba","Estado":"14"},{"ID":"2476","Nome":"Itupiranga","Estado":"14"},{"ID":"2477","Nome":"Jacareacanga","Estado":"14"},{"ID":"2478","Nome":"Jacundá","Estado":"14"},{"ID":"2479","Nome":"Juruti","Estado":"14"},{"ID":"2480","Nome":"Limoeiro do Ajuru","Estado":"14"},{"ID":"2481","Nome":"Mãe do Rio","Estado":"14"},{"ID":"2482","Nome":"Magalhães Barata","Estado":"14"},{"ID":"2483","Nome":"Marabá","Estado":"14"},{"ID":"2484","Nome":"Maracanã","Estado":"14"},{"ID":"2485","Nome":"Marapanim","Estado":"14"},{"ID":"2486","Nome":"Marituba","Estado":"14"},{"ID":"2487","Nome":"Medicilândia","Estado":"14"},{"ID":"2488","Nome":"Melgaço","Estado":"14"},{"ID":"2489","Nome":"Mocajuba","Estado":"14"},{"ID":"2490","Nome":"Moju","Estado":"14"},{"ID":"2491","Nome":"Monte Alegre","Estado":"14"},{"ID":"2492","Nome":"Muaná","Estado":"14"},{"ID":"2493","Nome":"Nova Esperança do Piriá","Estado":"14"},{"ID":"2494","Nome":"Nova Ipixuna","Estado":"14"},{"ID":"2495","Nome":"Nova Timboteua","Estado":"14"},{"ID":"2496","Nome":"Novo Progresso","Estado":"14"},{"ID":"2497","Nome":"Novo Repartimento","Estado":"14"},{"ID":"2498","Nome":"Óbidos","Estado":"14"},{"ID":"2499","Nome":"Oeiras do Pará","Estado":"14"},{"ID":"2500","Nome":"Oriximiná","Estado":"14"},{"ID":"2501","Nome":"Ourém","Estado":"14"},{"ID":"2502","Nome":"Ourilândia do Norte","Estado":"14"},{"ID":"2503","Nome":"Pacajá","Estado":"14"},{"ID":"2504","Nome":"Palestina do Pará","Estado":"14"},{"ID":"2505","Nome":"Paragominas","Estado":"14"},{"ID":"2506","Nome":"Parauapebas","Estado":"14"},{"ID":"2507","Nome":"Pau d`Arco","Estado":"14"},{"ID":"2508","Nome":"Peixe-Boi","Estado":"14"},{"ID":"2509","Nome":"Piçarra","Estado":"14"},{"ID":"2510","Nome":"Placas","Estado":"14"},{"ID":"2511","Nome":"Ponta de Pedras","Estado":"14"},{"ID":"2512","Nome":"Portel","Estado":"14"},{"ID":"2513","Nome":"Porto de Moz","Estado":"14"},{"ID":"2514","Nome":"Prainha","Estado":"14"},{"ID":"2515","Nome":"Primavera","Estado":"14"},{"ID":"2516","Nome":"Quatipuru","Estado":"14"},{"ID":"2517","Nome":"Redenção","Estado":"14"},{"ID":"2518","Nome":"Rio Maria","Estado":"14"},{"ID":"2519","Nome":"Rondon do Pará","Estado":"14"},{"ID":"2520","Nome":"Rurópolis","Estado":"14"},{"ID":"2521","Nome":"Salinópolis","Estado":"14"},{"ID":"2522","Nome":"Salvaterra","Estado":"14"},{"ID":"2523","Nome":"Santa Bárbara do Pará","Estado":"14"},{"ID":"2524","Nome":"Santa Cruz do Arari","Estado":"14"},{"ID":"2525","Nome":"Santa Isabel do Pará","Estado":"14"},{"ID":"2526","Nome":"Santa Luzia do Pará","Estado":"14"},{"ID":"2527","Nome":"Santa Maria das Barreiras","Estado":"14"},{"ID":"2528","Nome":"Santa Maria do Pará","Estado":"14"},{"ID":"2529","Nome":"Santana do Araguaia","Estado":"14"},{"ID":"2530","Nome":"Santarém","Estado":"14"},{"ID":"2531","Nome":"Santarém Novo","Estado":"14"},{"ID":"2532","Nome":"Santo Antônio do Tauá","Estado":"14"},{"ID":"2533","Nome":"São Caetano de Odivelas","Estado":"14"},{"ID":"2534","Nome":"São Domingos do Araguaia","Estado":"14"},{"ID":"2535","Nome":"São Domingos do Capim","Estado":"14"},{"ID":"2536","Nome":"São Félix do Xingu","Estado":"14"},{"ID":"2537","Nome":"São Francisco do Pará","Estado":"14"},{"ID":"2538","Nome":"São Geraldo do Araguaia","Estado":"14"},{"ID":"2539","Nome":"São João da Ponta","Estado":"14"},{"ID":"2540","Nome":"São João de Pirabas","Estado":"14"},{"ID":"2541","Nome":"São João do Araguaia","Estado":"14"},{"ID":"2542","Nome":"São Miguel do Guamá","Estado":"14"},{"ID":"2543","Nome":"São Sebastião da Boa Vista","Estado":"14"},{"ID":"2544","Nome":"Sapucaia","Estado":"14"},{"ID":"2545","Nome":"Senador José Porfírio","Estado":"14"},{"ID":"2546","Nome":"Soure","Estado":"14"},{"ID":"2547","Nome":"Tailândia","Estado":"14"},{"ID":"2548","Nome":"Terra Alta","Estado":"14"},{"ID":"2549","Nome":"Terra Santa","Estado":"14"},{"ID":"2550","Nome":"Tomé-Açu","Estado":"14"},{"ID":"2551","Nome":"Tracuateua","Estado":"14"},{"ID":"2552","Nome":"Trairão","Estado":"14"},{"ID":"2553","Nome":"Tucumã","Estado":"14"},{"ID":"2554","Nome":"Tucuruí","Estado":"14"},{"ID":"2555","Nome":"Ulianópolis","Estado":"14"},{"ID":"2556","Nome":"Uruará","Estado":"14"},{"ID":"2557","Nome":"Vigia","Estado":"14"},{"ID":"2558","Nome":"Viseu","Estado":"14"},{"ID":"2559","Nome":"Vitória do Xingu","Estado":"14"},{"ID":"2560","Nome":"Xinguara","Estado":"14"}]