[{"ID":"2561","Nome":"Água Branca","Estado":"15"},{"ID":"2562","Nome":"Aguiar","Estado":"15"},{"ID":"2563","Nome":"Alagoa Grande","Estado":"15"},{"ID":"2564","Nome":"Alagoa Nova","Estado":"15"},{"ID":"2565","Nome":"Alagoinha","Estado":"15"},{"ID":"2566","Nome":"Alcantil","Estado":"15"},{"ID":"2567","Nome":"Algodão de Jandaíra","Estado":"15"},{"ID":"2568","Nome":"Alhandra","Estado":"15"},{"ID":"2569","Nome":"Amparo","Estado":"15"},{"ID":"2570","Nome":"Aparecida","Estado":"15"},{"ID":"2571","Nome":"Araçagi","Estado":"15"},{"ID":"2572","Nome":"Arara","Estado":"15"},{"ID":"2573","Nome":"Araruna","Estado":"15"},{"ID":"2574","Nome":"Areia","Estado":"15"},{"ID":"2575","Nome":"Areia de Baraúnas","Estado":"15"},{"ID":"2576","Nome":"Areial","Estado":"15"},{"ID":"2577","Nome":"Aroeiras","Estado":"15"},{"ID":"2578","Nome":"Assunção","Estado":"15"},{"ID":"2579","Nome":"Baía da Traição","Estado":"15"},{"ID":"2580","Nome":"Bananeiras","Estado":"15"},{"ID":"2581","Nome":"Baraúna","Estado":"15"},{"ID":"2582","Nome":"Barra de Santa Rosa","Estado":"15"},{"ID":"2583","Nome":"Barra de Santana","Estado":"15"},{"ID":"2584","Nome":"Barra de São Miguel","Estado":"15"},{"ID":"2585","Nome":"Bayeux","Estado":"15"},{"ID":"2586","Nome":"Belém","Estado":"15"},{"ID":"2587","Nome":"Belém do Brejo do Cruz","Estado":"15"},{"ID":"2588","Nome":"Bernardino Batista","Estado":"15"},{"ID":"2589","Nome":"Boa Ventura","Estado":"15"},{"ID":"2590","Nome":"Boa Vista","Estado":"15"},{"ID":"2591","Nome":"Bom Jesus","Estado":"15"},{"ID":"2592","Nome":"Bom Sucesso","Estado":"15"},{"ID":"2593","Nome":"Bonito de Santa Fé","Estado":"15"},{"ID":"2594","Nome":"Boqueirão","Estado":"15"},{"ID":"2595","Nome":"Borborema","Estado":"15"},{"ID":"2596","Nome":"Brejo do Cruz","Estado":"15"},{"ID":"2597","Nome":"Brejo dos Santos","Estado":"15"},{"ID":"2598","Nome":"Caaporã","Estado":"15"},{"ID":"2599","Nome":"Cabaceiras","Estado":"15"},{"ID":"2600","Nome":"Cabedelo","Estado":"15"},{"ID":"2601","Nome":"Cachoeira dos Índios","Estado":"15"},{"ID":"2602","Nome":"Cacimba de Areia","Estado":"15"},{"ID":"2603","Nome":"Cacimba de Dentro","Estado":"15"},{"ID":"2604","Nome":"Cacimbas","Estado":"15"},{"ID":"2605","Nome":"Caiçara","Estado":"15"},{"ID":"2606","Nome":"Cajazeiras","Estado":"15"},{"ID":"2607","Nome":"Cajazeirinhas","Estado":"15"},{"ID":"2608","Nome":"Caldas Brandão","Estado":"15"},{"ID":"2609","Nome":"Camalaú","Estado":"15"},{"ID":"2610","Nome":"Campina Grande","Estado":"15"},{"ID":"2611","Nome":"Campo de Santana","Estado":"15"},{"ID":"2612","Nome":"Capim","Estado":"15"},{"ID":"2613","Nome":"Caraúbas","Estado":"15"},{"ID":"2614","Nome":"Carrapateira","Estado":"15"},{"ID":"2615","Nome":"Casserengue","Estado":"15"},{"ID":"2616","Nome":"Catingueira","Estado":"15"},{"ID":"2617","Nome":"Catolé do Rocha","Estado":"15"},{"ID":"2618","Nome":"Caturité","Estado":"15"},{"ID":"2619","Nome":"Conceição","Estado":"15"},{"ID":"2620","Nome":"Condado","Estado":"15"},{"ID":"2621","Nome":"Conde","Estado":"15"},{"ID":"2622","Nome":"Congo","Estado":"15"},{"ID":"2623","Nome":"Coremas","Estado":"15"},{"ID":"2624","Nome":"Coxixola","Estado":"15"},{"ID":"2625","Nome":"Cruz do Espírito Santo","Estado":"15"},{"ID":"2626","Nome":"Cubati","Estado":"15"},{"ID":"2627","Nome":"Cuité","Estado":"15"},{"ID":"2628","Nome":"Cuité de Mamanguape","Estado":"15"},{"ID":"2629","Nome":"Cuitegi","Estado":"15"},{"ID":"2630","Nome":"Curral de Cima","Estado":"15"},{"ID":"2631","Nome":"Curral Velho","Estado":"15"},{"ID":"2632","Nome":"Damião","Estado":"15"},{"ID":"2633","Nome":"Desterro","Estado":"15"},{"ID":"2634","Nome":"Diamante","Estado":"15"},{"ID":"2635","Nome":"Dona Inês","Estado":"15"},{"ID":"2636","Nome":"Duas Estradas","Estado":"15"},{"ID":"2637","Nome":"Emas","Estado":"15"},{"ID":"2638","Nome":"Esperança","Estado":"15"},{"ID":"2639","Nome":"Fagundes","Estado":"15"},{"ID":"2640","Nome":"Frei Martinho","Estado":"15"},{"ID":"2641","Nome":"Gado Bravo","Estado":"15"},{"ID":"2642","Nome":"Guarabira","Estado":"15"},{"ID":"2643","Nome":"Gurinhém","Estado":"15"},{"ID":"2644","Nome":"Gurjão","Estado":"15"},{"ID":"2645","Nome":"Ibiara","Estado":"15"},{"ID":"2646","Nome":"Igaracy","Estado":"15"},{"ID":"2647","Nome":"Imaculada","Estado":"15"},{"ID":"2648","Nome":"Ingá","Estado":"15"},{"ID":"2649","Nome":"Itabaiana","Estado":"15"},{"ID":"2650","Nome":"Itaporanga","Estado":"15"},{"ID":"2651","Nome":"Itapororoca","Estado":"15"},{"ID":"2652","Nome":"Itatuba","Estado":"15"},{"ID":"2653","Nome":"Jacaraú","Estado":"15"},{"ID":"2654","Nome":"Jericó","Estado":"15"},{"ID":"2655","Nome":"João Pessoa","Estado":"15"},{"ID":"2656","Nome":"Juarez Távora","Estado":"15"},{"ID":"2657","Nome":"Juazeirinho","Estado":"15"},{"ID":"2658","Nome":"Junco do Seridó","Estado":"15"},{"ID":"2659","Nome":"Juripiranga","Estado":"15"},{"ID":"2660","Nome":"Juru","Estado":"15"},{"ID":"2661","Nome":"Lagoa","Estado":"15"},{"ID":"2662","Nome":"Lagoa de Dentro","Estado":"15"},{"ID":"2663","Nome":"Lagoa Seca","Estado":"15"},{"ID":"2664","Nome":"Lastro","Estado":"15"},{"ID":"2665","Nome":"Livramento","Estado":"15"},{"ID":"2666","Nome":"Logradouro","Estado":"15"},{"ID":"2667","Nome":"Lucena","Estado":"15"},{"ID":"2668","Nome":"Mãe d`Água","Estado":"15"},{"ID":"2669","Nome":"Malta","Estado":"15"},{"ID":"2670","Nome":"Mamanguape","Estado":"15"},{"ID":"2671","Nome":"Manaíra","Estado":"15"},{"ID":"2672","Nome":"Marcação","Estado":"15"},{"ID":"2673","Nome":"Mari","Estado":"15"},{"ID":"2674","Nome":"Marizópolis","Estado":"15"},{"ID":"2675","Nome":"Massaranduba","Estado":"15"},{"ID":"2676","Nome":"Mataraca","Estado":"15"},{"ID":"2677","Nome":"Matinhas","Estado":"15"},{"ID":"2678","Nome":"Mato Grosso","Estado":"15"},{"ID":"2679","Nome":"Maturéia","Estado":"15"},{"ID":"2680","Nome":"Mogeiro","Estado":"15"},{"ID":"2681","Nome":"Montadas","Estado":"15"},{"ID":"2682","Nome":"Monte Horebe","Estado":"15"},{"ID":"2683","Nome":"Monteiro","Estado":"15"},{"ID":"2684","Nome":"Mulungu","Estado":"15"},{"ID":"2685","Nome":"Natuba","Estado":"15"},{"ID":"2686","Nome":"Nazarezinho","Estado":"15"},{"ID":"2687","Nome":"Nova Floresta","Estado":"15"},{"ID":"2688","Nome":"Nova Olinda","Estado":"15"},{"ID":"2689","Nome":"Nova Palmeira","Estado":"15"},{"ID":"2690","Nome":"Olho d`Água","Estado":"15"},{"ID":"2691","Nome":"Olivedos","Estado":"15"},{"ID":"2692","Nome":"Ouro Velho","Estado":"15"},{"ID":"2693","Nome":"Parari","Estado":"15"},{"ID":"2694","Nome":"Passagem","Estado":"15"},{"ID":"2695","Nome":"Patos","Estado":"15"},{"ID":"2696","Nome":"Paulista","Estado":"15"},{"ID":"2697","Nome":"Pedra Branca","Estado":"15"},{"ID":"2698","Nome":"Pedra Lavrada","Estado":"15"},{"ID":"2699","Nome":"Pedras de Fogo","Estado":"15"},{"ID":"2700","Nome":"Pedro Régis","Estado":"15"},{"ID":"2701","Nome":"Piancó","Estado":"15"},{"ID":"2702","Nome":"Picuí","Estado":"15"},{"ID":"2703","Nome":"Pilar","Estado":"15"},{"ID":"2704","Nome":"Pilões","Estado":"15"},{"ID":"2705","Nome":"Pilõezinhos","Estado":"15"},{"ID":"2706","Nome":"Pirpirituba","Estado":"15"},{"ID":"2707","Nome":"Pitimbu","Estado":"15"},{"ID":"2708","Nome":"Pocinhos","Estado":"15"},{"ID":"2709","Nome":"Poço Dantas","Estado":"15"},{"ID":"2710","Nome":"Poço de José de Moura","Estado":"15"},{"ID":"2711","Nome":"Pombal","Estado":"15"},{"ID":"2712","Nome":"Prata","Estado":"15"},{"ID":"2713","Nome":"Princesa Isabel","Estado":"15"},{"ID":"2714","Nome":"Puxinanã","Estado":"15"},{"ID":"2715","Nome":"Queimadas","Estado":"15"},{"ID":"2716","Nome":"Quixabá","Estado":"15"},{"ID":"2717","Nome":"Remígio","Estado":"15"},{"ID":"2718","Nome":"Riachão","Estado":"15"},{"ID":"2719","Nome":"Riachão do Bacamarte","Estado":"15"},{"ID":"2720","Nome":"Riachão do Poço","Estado":"15"},{"ID":"2721","Nome":"Riacho de Santo Antônio","Estado":"15"},{"ID":"2722","Nome":"Riacho dos Cavalos","Estado":"15"},{"ID":"2723","Nome":"Rio Tinto","Estado":"15"},{"ID":"2724","Nome":"Salgadinho","Estado":"15"},{"ID":"2725","Nome":"Salgado de São Félix","Estado":"15"},{"ID":"2726","Nome":"Santa Cecília","Estado":"15"},{"ID":"2727","Nome":"Santa Cruz","Estado":"15"},{"ID":"2728","Nome":"Santa Helena","Estado":"15"},{"ID":"2729","Nome":"Santa Inês","Estado":"15"},{"ID":"2730","Nome":"Santa Luzia","Estado":"15"},{"ID":"2731","Nome":"Santa Rita","Estado":"15"},{"ID":"2732","Nome":"Santa Teresinha","Estado":"15"},{"ID":"2733","Nome":"Santana de Mangueira","Estado":"15"},{"ID":"2734","Nome":"Santana dos Garrotes","Estado":"15"},{"ID":"2735","Nome":"Santarém","Estado":"15"},{"ID":"2736","Nome":"Santo André","Estado":"15"},{"ID":"2737","Nome":"São Bentinho","Estado":"15"},{"ID":"2738","Nome":"São Bento","Estado":"15"},{"ID":"2739","Nome":"São Domingos de Pombal","Estado":"15"},{"ID":"2740","Nome":"São Domingos do Cariri","Estado":"15"},{"ID":"2741","Nome":"São Francisco","Estado":"15"},{"ID":"2742","Nome":"São João do Cariri","Estado":"15"},{"ID":"2743","Nome":"São João do Rio do Peixe","Estado":"15"},{"ID":"2744","Nome":"São João do Tigre","Estado":"15"},{"ID":"2745","Nome":"São José da Lagoa Tapada","Estado":"15"},{"ID":"2746","Nome":"São José de Caiana","Estado":"15"},{"ID":"2747","Nome":"São José de Espinharas","Estado":"15"},{"ID":"2748","Nome":"São José de Piranhas","Estado":"15"},{"ID":"2749","Nome":"São José de Princesa","Estado":"15"},{"ID":"2750","Nome":"São José do Bonfim","Estado":"15"},{"ID":"2751","Nome":"São José do Brejo do Cruz","Estado":"15"},{"ID":"2752","Nome":"São José do Sabugi","Estado":"15"},{"ID":"2753","Nome":"São José dos Cordeiros","Estado":"15"},{"ID":"2754","Nome":"São José dos Ramos","Estado":"15"},{"ID":"2755","Nome":"São Mamede","Estado":"15"},{"ID":"2756","Nome":"São Miguel de Taipu","Estado":"15"},{"ID":"2757","Nome":"São Sebastião de Lagoa de Roça","Estado":"15"},{"ID":"2758","Nome":"São Sebastião do Umbuzeiro","Estado":"15"},{"ID":"2759","Nome":"Sapé","Estado":"15"},{"ID":"2760","Nome":"Seridó","Estado":"15"},{"ID":"2761","Nome":"Serra Branca","Estado":"15"},{"ID":"2762","Nome":"Serra da Raiz","Estado":"15"},{"ID":"2763","Nome":"Serra Grande","Estado":"15"},{"ID":"2764","Nome":"Serra Redonda","Estado":"15"},{"ID":"2765","Nome":"Serraria","Estado":"15"},{"ID":"2766","Nome":"Sertãozinho","Estado":"15"},{"ID":"2767","Nome":"Sobrado","Estado":"15"},{"ID":"2768","Nome":"Solânea","Estado":"15"},{"ID":"2769","Nome":"Soledade","Estado":"15"},{"ID":"2770","Nome":"Sossêgo","Estado":"15"},{"ID":"2771","Nome":"Sousa","Estado":"15"},{"ID":"2772","Nome":"Sumé","Estado":"15"},{"ID":"2773","Nome":"Taperoá","Estado":"15"},{"ID":"2774","Nome":"Tavares","Estado":"15"},{"ID":"2775","Nome":"Teixeira","Estado":"15"},{"ID":"2776","Nome":"Tenório","Estado":"15"},{"ID":"2777","Nome":"Triunfo","Estado":"15"},{"ID":"2778","Nome":"Uiraúna","Estado":"15"},{"ID":"2779","Nome":"Umbuzeiro","Estado":"15"},{"ID":"2780","Nome":"Várzea","Estado":"15"},{"ID":"2781","Nome":"Vieirópolis","Estado":"15"},{"ID":"2782","Nome":"Vista Serrana","Estado":"15"},{"ID":"2783","Nome":"Zabelê","Estado":"15"}]