[{"ID":"3183","Nome":"Abreu e Lima","Estado":"16"},{"ID":"3184","Nome":"Afogados da Ingazeira","Estado":"16"},{"ID":"3185","Nome":"Afrânio","Estado":"16"},{"ID":"3186","Nome":"Agrestina","Estado":"16"},{"ID":"3187","Nome":"Água Preta","Estado":"16"},{"ID":"3188","Nome":"Águas Belas","Estado":"16"},{"ID":"3189","Nome":"Alagoinha","Estado":"16"},{"ID":"3190","Nome":"Aliança","Estado":"16"},{"ID":"3191","Nome":"Altinho","Estado":"16"},{"ID":"3192","Nome":"Amaraji","Estado":"16"},{"ID":"3193","Nome":"Angelim","Estado":"16"},{"ID":"3194","Nome":"Araçoiaba","Estado":"16"},{"ID":"3195","Nome":"Araripina","Estado":"16"},{"ID":"3196","Nome":"Arcoverde","Estado":"16"},{"ID":"3197","Nome":"Barra de Guabiraba","Estado":"16"},{"ID":"3198","Nome":"Barreiros","Estado":"16"},{"ID":"3199","Nome":"Belém de Maria","Estado":"16"},{"ID":"3200","Nome":"Belém de São Francisco","Estado":"16"},{"ID":"3201","Nome":"Belo Jardim","Estado":"16"},{"ID":"3202","Nome":"Betânia","Estado":"16"},{"ID":"3203","Nome":"Bezerros","Estado":"16"},{"ID":"3204","Nome":"Bodocó","Estado":"16"},{"ID":"3205","Nome":"Bom Conselho","Estado":"16"},{"ID":"3206","Nome":"Bom Jardim","Estado":"16"},{"ID":"3207","Nome":"Bonito","Estado":"16"},{"ID":"3208","Nome":"Brejão","Estado":"16"},{"ID":"3209","Nome":"Brejinho","Estado":"16"},{"ID":"3210","Nome":"Brejo da Madre de Deus","Estado":"16"},{"ID":"3211","Nome":"Buenos Aires","Estado":"16"},{"ID":"3212","Nome":"Buíque","Estado":"16"},{"ID":"3213","Nome":"Cabo de Santo Agostinho","Estado":"16"},{"ID":"3214","Nome":"Cabrobó","Estado":"16"},{"ID":"3215","Nome":"Cachoeirinha","Estado":"16"},{"ID":"3216","Nome":"Caetés","Estado":"16"},{"ID":"3217","Nome":"Calçado","Estado":"16"},{"ID":"3218","Nome":"Calumbi","Estado":"16"},{"ID":"3219","Nome":"Camaragibe","Estado":"16"},{"ID":"3220","Nome":"Camocim de São Félix","Estado":"16"},{"ID":"3221","Nome":"Camutanga","Estado":"16"},{"ID":"3222","Nome":"Canhotinho","Estado":"16"},{"ID":"3223","Nome":"Capoeiras","Estado":"16"},{"ID":"3224","Nome":"Carnaíba","Estado":"16"},{"ID":"3225","Nome":"Carnaubeira da Penha","Estado":"16"},{"ID":"3226","Nome":"Carpina","Estado":"16"},{"ID":"3227","Nome":"Caruaru","Estado":"16"},{"ID":"3228","Nome":"Casinhas","Estado":"16"},{"ID":"3229","Nome":"Catende","Estado":"16"},{"ID":"3230","Nome":"Cedro","Estado":"16"},{"ID":"3231","Nome":"Chã de Alegria","Estado":"16"},{"ID":"3232","Nome":"Chã Grande","Estado":"16"},{"ID":"3233","Nome":"Condado","Estado":"16"},{"ID":"3234","Nome":"Correntes","Estado":"16"},{"ID":"3235","Nome":"Cortês","Estado":"16"},{"ID":"3236","Nome":"Cumaru","Estado":"16"},{"ID":"3237","Nome":"Cupira","Estado":"16"},{"ID":"3238","Nome":"Custódia","Estado":"16"},{"ID":"3239","Nome":"Dormentes","Estado":"16"},{"ID":"3240","Nome":"Escada","Estado":"16"},{"ID":"3241","Nome":"Exu","Estado":"16"},{"ID":"3242","Nome":"Feira Nova","Estado":"16"},{"ID":"3243","Nome":"Fernando de Noronha","Estado":"16"},{"ID":"3244","Nome":"Ferreiros","Estado":"16"},{"ID":"3245","Nome":"Flores","Estado":"16"},{"ID":"3246","Nome":"Floresta","Estado":"16"},{"ID":"3247","Nome":"Frei Miguelinho","Estado":"16"},{"ID":"3248","Nome":"Gameleira","Estado":"16"},{"ID":"3249","Nome":"Garanhuns","Estado":"16"},{"ID":"3250","Nome":"Glória do Goitá","Estado":"16"},{"ID":"3251","Nome":"Goiana","Estado":"16"},{"ID":"3252","Nome":"Granito","Estado":"16"},{"ID":"3253","Nome":"Gravatá","Estado":"16"},{"ID":"3254","Nome":"Iati","Estado":"16"},{"ID":"3255","Nome":"Ibimirim","Estado":"16"},{"ID":"3256","Nome":"Ibirajuba","Estado":"16"},{"ID":"3257","Nome":"Igarassu","Estado":"16"},{"ID":"3258","Nome":"Iguaraci","Estado":"16"},{"ID":"3259","Nome":"Ilha de Itamaracá","Estado":"16"},{"ID":"3260","Nome":"Inajá","Estado":"16"},{"ID":"3261","Nome":"Ingazeira","Estado":"16"},{"ID":"3262","Nome":"Ipojuca","Estado":"16"},{"ID":"3263","Nome":"Ipubi","Estado":"16"},{"ID":"3264","Nome":"Itacuruba","Estado":"16"},{"ID":"3265","Nome":"Itaíba","Estado":"16"},{"ID":"3266","Nome":"Itambé","Estado":"16"},{"ID":"3267","Nome":"Itapetim","Estado":"16"},{"ID":"3268","Nome":"Itapissuma","Estado":"16"},{"ID":"3269","Nome":"Itaquitinga","Estado":"16"},{"ID":"3270","Nome":"Jaboatão dos Guararapes","Estado":"16"},{"ID":"3271","Nome":"Jaqueira","Estado":"16"},{"ID":"3272","Nome":"Jataúba","Estado":"16"},{"ID":"3273","Nome":"Jatobá","Estado":"16"},{"ID":"3274","Nome":"João Alfredo","Estado":"16"},{"ID":"3275","Nome":"Joaquim Nabuco","Estado":"16"},{"ID":"3276","Nome":"Jucati","Estado":"16"},{"ID":"3277","Nome":"Jupi","Estado":"16"},{"ID":"3278","Nome":"Jurema","Estado":"16"},{"ID":"3279","Nome":"Lagoa do Carro","Estado":"16"},{"ID":"3280","Nome":"Lagoa do Itaenga","Estado":"16"},{"ID":"3281","Nome":"Lagoa do Ouro","Estado":"16"},{"ID":"3282","Nome":"Lagoa dos Gatos","Estado":"16"},{"ID":"3283","Nome":"Lagoa Grande","Estado":"16"},{"ID":"3284","Nome":"Lajedo","Estado":"16"},{"ID":"3285","Nome":"Limoeiro","Estado":"16"},{"ID":"3286","Nome":"Macaparana","Estado":"16"},{"ID":"3287","Nome":"Machados","Estado":"16"},{"ID":"3288","Nome":"Manari","Estado":"16"},{"ID":"3289","Nome":"Maraial","Estado":"16"},{"ID":"3290","Nome":"Mirandiba","Estado":"16"},{"ID":"3291","Nome":"Moreilândia","Estado":"16"},{"ID":"3292","Nome":"Moreno","Estado":"16"},{"ID":"3293","Nome":"Nazaré da Mata","Estado":"16"},{"ID":"3294","Nome":"Olinda","Estado":"16"},{"ID":"3295","Nome":"Orobó","Estado":"16"},{"ID":"3296","Nome":"Orocó","Estado":"16"},{"ID":"3297","Nome":"Ouricuri","Estado":"16"},{"ID":"3298","Nome":"Palmares","Estado":"16"},{"ID":"3299","Nome":"Palmeirina","Estado":"16"},{"ID":"3300","Nome":"Panelas","Estado":"16"},{"ID":"3301","Nome":"Paranatama","Estado":"16"},{"ID":"3302","Nome":"Parnamirim","Estado":"16"},{"ID":"3303","Nome":"Passira","Estado":"16"},{"ID":"3304","Nome":"Paudalho","Estado":"16"},{"ID":"3305","Nome":"Paulista","Estado":"16"},{"ID":"3306","Nome":"Pedra","Estado":"16"},{"ID":"3307","Nome":"Pesqueira","Estado":"16"},{"ID":"3308","Nome":"Petrolândia","Estado":"16"},{"ID":"3309","Nome":"Petrolina","Estado":"16"},{"ID":"3310","Nome":"Poção","Estado":"16"},{"ID":"3311","Nome":"Pombos","Estado":"16"},{"ID":"3312","Nome":"Primavera","Estado":"16"},{"ID":"3313","Nome":"Quipapá","Estado":"16"},{"ID":"3314","Nome":"Quixaba","Estado":"16"},{"ID":"3315","Nome":"Recife","Estado":"16"},{"ID":"3316","Nome":"Riacho das Almas","Estado":"16"},{"ID":"3317","Nome":"Ribeirão","Estado":"16"},{"ID":"3318","Nome":"Rio Formoso","Estado":"16"},{"ID":"3319","Nome":"Sairé","Estado":"16"},{"ID":"3320","Nome":"Salgadinho","Estado":"16"},{"ID":"3321","Nome":"Salgueiro","Estado":"16"},{"ID":"3322","Nome":"Saloá","Estado":"16"},{"ID":"3323","Nome":"Sanharó","Estado":"16"},{"ID":"3324","Nome":"Santa Cruz","Estado":"16"},{"ID":"3325","Nome":"Santa Cruz da Baixa Verde","Estado":"16"},{"ID":"3326","Nome":"Santa Cruz do Capibaribe","Estado":"16"},{"ID":"3327","Nome":"Santa Filomena","Estado":"16"},{"ID":"3328","Nome":"Santa Maria da Boa Vista","Estado":"16"},{"ID":"3329","Nome":"Santa Maria do Cambucá","Estado":"16"},{"ID":"3330","Nome":"Santa Terezinha","Estado":"16"},{"ID":"3331","Nome":"São Benedito do Sul","Estado":"16"},{"ID":"3332","Nome":"São Bento do Una","Estado":"16"},{"ID":"3333","Nome":"São Caitano","Estado":"16"},{"ID":"3334","Nome":"São João","Estado":"16"},{"ID":"3335","Nome":"São Joaquim do Monte","Estado":"16"},{"ID":"3336","Nome":"São José da Coroa Grande","Estado":"16"},{"ID":"3337","Nome":"São José do Belmonte","Estado":"16"},{"ID":"3338","Nome":"São José do Egito","Estado":"16"},{"ID":"3339","Nome":"São Lourenço da Mata","Estado":"16"},{"ID":"3340","Nome":"São Vicente Ferrer","Estado":"16"},{"ID":"3341","Nome":"Serra Talhada","Estado":"16"},{"ID":"3342","Nome":"Serrita","Estado":"16"},{"ID":"3343","Nome":"Sertânia","Estado":"16"},{"ID":"3344","Nome":"Sirinhaém","Estado":"16"},{"ID":"3345","Nome":"Solidão","Estado":"16"},{"ID":"3346","Nome":"Surubim","Estado":"16"},{"ID":"3347","Nome":"Tabira","Estado":"16"},{"ID":"3348","Nome":"Tacaimbó","Estado":"16"},{"ID":"3349","Nome":"Tacaratu","Estado":"16"},{"ID":"3350","Nome":"Tamandaré","Estado":"16"},{"ID":"3351","Nome":"Taquaritinga do Norte","Estado":"16"},{"ID":"3352","Nome":"Terezinha","Estado":"16"},{"ID":"3353","Nome":"Terra Nova","Estado":"16"},{"ID":"3354","Nome":"Timbaúba","Estado":"16"},{"ID":"3355","Nome":"Toritama","Estado":"16"},{"ID":"3356","Nome":"Tracunhaém","Estado":"16"},{"ID":"3357","Nome":"Trindade","Estado":"16"},{"ID":"3358","Nome":"Triunfo","Estado":"16"},{"ID":"3359","Nome":"Tupanatinga","Estado":"16"},{"ID":"3360","Nome":"Tuparetama","Estado":"16"},{"ID":"3361","Nome":"Venturosa","Estado":"16"},{"ID":"3362","Nome":"Verdejante","Estado":"16"},{"ID":"3363","Nome":"Vertente do Lério","Estado":"16"},{"ID":"3364","Nome":"Vertentes","Estado":"16"},{"ID":"3365","Nome":"Vicência","Estado":"16"},{"ID":"3366","Nome":"Vitória de Santo Antão","Estado":"16"},{"ID":"3367","Nome":"Xexéu","Estado":"16"}]