[{"ID":"3368","Nome":"Acauã","Estado":"17"},{"ID":"3369","Nome":"Agricolândia","Estado":"17"},{"ID":"3370","Nome":"Água Branca","Estado":"17"},{"ID":"3371","Nome":"Alagoinha do Piauí","Estado":"17"},{"ID":"3372","Nome":"Alegrete do Piauí","Estado":"17"},{"ID":"3373","Nome":"Alto Longá","Estado":"17"},{"ID":"3374","Nome":"Altos","Estado":"17"},{"ID":"3375","Nome":"Alvorada do Gurguéia","Estado":"17"},{"ID":"3376","Nome":"Amarante","Estado":"17"},{"ID":"3377","Nome":"Angical do Piauí","Estado":"17"},{"ID":"3378","Nome":"Anísio de Abreu","Estado":"17"},{"ID":"3379","Nome":"Antônio Almeida","Estado":"17"},{"ID":"3380","Nome":"Aroazes","Estado":"17"},{"ID":"3381","Nome":"Aroeiras do Itaim","Estado":"17"},{"ID":"3382","Nome":"Arraial","Estado":"17"},{"ID":"3383","Nome":"Assunção do Piauí","Estado":"17"},{"ID":"3384","Nome":"Avelino Lopes","Estado":"17"},{"ID":"3385","Nome":"Baixa Grande do Ribeiro","Estado":"17"},{"ID":"3386","Nome":"Barra d`Alcântara","Estado":"17"},{"ID":"3387","Nome":"Barras","Estado":"17"},{"ID":"3388","Nome":"Barreiras do Piauí","Estado":"17"},{"ID":"3389","Nome":"Barro Duro","Estado":"17"},{"ID":"3390","Nome":"Batalha","Estado":"17"},{"ID":"3391","Nome":"Bela Vista do Piauí","Estado":"17"},{"ID":"3392","Nome":"Belém do Piauí","Estado":"17"},{"ID":"3393","Nome":"Beneditinos","Estado":"17"},{"ID":"3394","Nome":"Bertolínia","Estado":"17"},{"ID":"3395","Nome":"Betânia do Piauí","Estado":"17"},{"ID":"3396","Nome":"Boa Hora","Estado":"17"},{"ID":"3397","Nome":"Bocaina","Estado":"17"},{"ID":"3398","Nome":"Bom Jesus","Estado":"17"},{"ID":"3399","Nome":"Bom Princípio do Piauí","Estado":"17"},{"ID":"3400","Nome":"Bonfim do Piauí","Estado":"17"},{"ID":"3401","Nome":"Boqueirão do Piauí","Estado":"17"},{"ID":"3402","Nome":"Brasileira","Estado":"17"},{"ID":"3403","Nome":"Brejo do Piauí","Estado":"17"},{"ID":"3404","Nome":"Buriti dos Lopes","Estado":"17"},{"ID":"3405","Nome":"Buriti dos Montes","Estado":"17"},{"ID":"3406","Nome":"Cabeceiras do Piauí","Estado":"17"},{"ID":"3407","Nome":"Cajazeiras do Piauí","Estado":"17"},{"ID":"3408","Nome":"Cajueiro da Praia","Estado":"17"},{"ID":"3409","Nome":"Caldeirão Grande do Piauí","Estado":"17"},{"ID":"3410","Nome":"Campinas do Piauí","Estado":"17"},{"ID":"3411","Nome":"Campo Alegre do Fidalgo","Estado":"17"},{"ID":"3412","Nome":"Campo Grande do Piauí","Estado":"17"},{"ID":"3413","Nome":"Campo Largo do Piauí","Estado":"17"},{"ID":"3414","Nome":"Campo Maior","Estado":"17"},{"ID":"3415","Nome":"Canavieira","Estado":"17"},{"ID":"3416","Nome":"Canto do Buriti","Estado":"17"},{"ID":"3417","Nome":"Capitão de Campos","Estado":"17"},{"ID":"3418","Nome":"Capitão Gervásio Oliveira","Estado":"17"},{"ID":"3419","Nome":"Caracol","Estado":"17"},{"ID":"3420","Nome":"Caraúbas do Piauí","Estado":"17"},{"ID":"3421","Nome":"Caridade do Piauí","Estado":"17"},{"ID":"3422","Nome":"Castelo do Piauí","Estado":"17"},{"ID":"3423","Nome":"Caxingó","Estado":"17"},{"ID":"3424","Nome":"Cocal","Estado":"17"},{"ID":"3425","Nome":"Cocal de Telha","Estado":"17"},{"ID":"3426","Nome":"Cocal dos Alves","Estado":"17"},{"ID":"3427","Nome":"Coivaras","Estado":"17"},{"ID":"3428","Nome":"Colônia do Gurguéia","Estado":"17"},{"ID":"3429","Nome":"Colônia do Piauí","Estado":"17"},{"ID":"3430","Nome":"Conceição do Canindé","Estado":"17"},{"ID":"3431","Nome":"Coronel José Dias","Estado":"17"},{"ID":"3432","Nome":"Corrente","Estado":"17"},{"ID":"3433","Nome":"Cristalândia do Piauí","Estado":"17"},{"ID":"3434","Nome":"Cristino Castro","Estado":"17"},{"ID":"3435","Nome":"Curimatá","Estado":"17"},{"ID":"3436","Nome":"Currais","Estado":"17"},{"ID":"3437","Nome":"Curral Novo do Piauí","Estado":"17"},{"ID":"3438","Nome":"Curralinhos","Estado":"17"},{"ID":"3439","Nome":"Demerval Lobão","Estado":"17"},{"ID":"3440","Nome":"Dirceu Arcoverde","Estado":"17"},{"ID":"3441","Nome":"Dom Expedito Lopes","Estado":"17"},{"ID":"3442","Nome":"Dom Inocêncio","Estado":"17"},{"ID":"3443","Nome":"Domingos Mourão","Estado":"17"},{"ID":"3444","Nome":"Elesbão Veloso","Estado":"17"},{"ID":"3445","Nome":"Eliseu Martins","Estado":"17"},{"ID":"3446","Nome":"Esperantina","Estado":"17"},{"ID":"3447","Nome":"Fartura do Piauí","Estado":"17"},{"ID":"3448","Nome":"Flores do Piauí","Estado":"17"},{"ID":"3449","Nome":"Floresta do Piauí","Estado":"17"},{"ID":"3450","Nome":"Floriano","Estado":"17"},{"ID":"3451","Nome":"Francinópolis","Estado":"17"},{"ID":"3452","Nome":"Francisco Ayres","Estado":"17"},{"ID":"3453","Nome":"Francisco Macedo","Estado":"17"},{"ID":"3454","Nome":"Francisco Santos","Estado":"17"},{"ID":"3455","Nome":"Fronteiras","Estado":"17"},{"ID":"3456","Nome":"Geminiano","Estado":"17"},{"ID":"3457","Nome":"Gilbués","Estado":"17"},{"ID":"3458","Nome":"Guadalupe","Estado":"17"},{"ID":"3459","Nome":"Guaribas","Estado":"17"},{"ID":"3460","Nome":"Hugo Napoleão","Estado":"17"},{"ID":"3461","Nome":"Ilha Grande","Estado":"17"},{"ID":"3462","Nome":"Inhuma","Estado":"17"},{"ID":"3463","Nome":"Ipiranga do Piauí","Estado":"17"},{"ID":"3464","Nome":"Isaías Coelho","Estado":"17"},{"ID":"3465","Nome":"Itainópolis","Estado":"17"},{"ID":"3466","Nome":"Itaueira","Estado":"17"},{"ID":"3467","Nome":"Jacobina do Piauí","Estado":"17"},{"ID":"3468","Nome":"Jaicós","Estado":"17"},{"ID":"3469","Nome":"Jardim do Mulato","Estado":"17"},{"ID":"3470","Nome":"Jatobá do Piauí","Estado":"17"},{"ID":"3471","Nome":"Jerumenha","Estado":"17"},{"ID":"3472","Nome":"João Costa","Estado":"17"},{"ID":"3473","Nome":"Joaquim Pires","Estado":"17"},{"ID":"3474","Nome":"Joca Marques","Estado":"17"},{"ID":"3475","Nome":"José de Freitas","Estado":"17"},{"ID":"3476","Nome":"Juazeiro do Piauí","Estado":"17"},{"ID":"3477","Nome":"Júlio Borges","Estado":"17"},{"ID":"3478","Nome":"Jurema","Estado":"17"},{"ID":"3479","Nome":"Lagoa Alegre","Estado":"17"},{"ID":"3480","Nome":"Lagoa de São Francisco","Estado":"17"},{"ID":"3481","Nome":"Lagoa do Barro do Piauí","Estado":"17"},{"ID":"3482","Nome":"Lagoa do Piauí","Estado":"17"},{"ID":"3483","Nome":"Lagoa do Sítio","Estado":"17"},{"ID":"3484","Nome":"Lagoinha do Piauí","Estado":"17"},{"ID":"3485","Nome":"Landri Sales","Estado":"17"},{"ID":"3486","Nome":"Luís Correia","Estado":"17"},{"ID":"3487","Nome":"Luzilândia","Estado":"17"},{"ID":"3488","Nome":"Madeiro","Estado":"17"},{"ID":"3489","Nome":"Manoel Emídio","Estado":"17"},{"ID":"3490","Nome":"Marcolândia","Estado":"17"},{"ID":"3491","Nome":"Marcos Parente","Estado":"17"},{"ID":"3492","Nome":"Massapê do Piauí","Estado":"17"},{"ID":"3493","Nome":"Matias Olímpio","Estado":"17"},{"ID":"3494","Nome":"Miguel Alves","Estado":"17"},{"ID":"3495","Nome":"Miguel Leão","Estado":"17"},{"ID":"3496","Nome":"Milton Brandão","Estado":"17"},{"ID":"3497","Nome":"Monsenhor Gil","Estado":"17"},{"ID":"3498","Nome":"Monsenhor Hipólito","Estado":"17"},{"ID":"3499","Nome":"Monte Alegre do Piauí","Estado":"17"},{"ID":"3500","Nome":"Morro Cabeça no Tempo","Estado":"17"},{"ID":"3501","Nome":"Morro do Chapéu do Piauí","Estado":"17"},{"ID":"3502","Nome":"Murici dos Portelas","Estado":"17"},{"ID":"3503","Nome":"Nazaré do Piauí","Estado":"17"},{"ID":"3504","Nome":"Nossa Senhora de Nazaré","Estado":"17"},{"ID":"3505","Nome":"Nossa Senhora dos Remédios","Estado":"17"},{"ID":"3506","Nome":"Nova Santa Rita","Estado":"17"},{"ID":"3507","Nome":"Novo Oriente do Piauí","Estado":"17"},{"ID":"3508","Nome":"Novo Santo Antônio","Estado":"17"},{"ID":"3509","Nome":"Oeiras","Estado":"17"},{"ID":"3510","Nome":"Olho d`Água do Piauí","Estado":"17"},{"ID":"3511","Nome":"Padre Marcos","Estado":"17"},{"ID":"3512","Nome":"Paes Landim","Estado":"17"},{"ID":"3513","Nome":"Pajeú do Piauí","Estado":"17"},{"ID":"3514","Nome":"Palmeira do Piauí","Estado":"17"},{"ID":"3515","Nome":"Palmeirais","Estado":"17"},{"ID":"3516","Nome":"Paquetá","Estado":"17"},{"ID":"3517","Nome":"Parnaguá","Estado":"17"},{"ID":"3518","Nome":"Parnaíba","Estado":"17"},{"ID":"3519","Nome":"Passagem Franca do Piauí","Estado":"17"},{"ID":"3520","Nome":"Patos do Piauí","Estado":"17"},{"ID":"3521","Nome":"Pau d`Arco do Piauí","Estado":"17"},{"ID":"3522","Nome":"Paulistana","Estado":"17"},{"ID":"3523","Nome":"Pavussu","Estado":"17"},{"ID":"3524","Nome":"Pedro II","Estado":"17"},{"ID":"3525","Nome":"Pedro Laurentino","Estado":"17"},{"ID":"3526","Nome":"Picos","Estado":"17"},{"ID":"3527","Nome":"Pimenteiras","Estado":"17"},{"ID":"3528","Nome":"Pio IX","Estado":"17"},{"ID":"3529","Nome":"Piracuruca","Estado":"17"},{"ID":"3530","Nome":"Piripiri","Estado":"17"},{"ID":"3531","Nome":"Porto","Estado":"17"},{"ID":"3532","Nome":"Porto Alegre do Piauí","Estado":"17"},{"ID":"3533","Nome":"Prata do Piauí","Estado":"17"},{"ID":"3534","Nome":"Queimada Nova","Estado":"17"},{"ID":"3535","Nome":"Redenção do Gurguéia","Estado":"17"},{"ID":"3536","Nome":"Regeneração","Estado":"17"},{"ID":"3537","Nome":"Riacho Frio","Estado":"17"},{"ID":"3538","Nome":"Ribeira do Piauí","Estado":"17"},{"ID":"3539","Nome":"Ribeiro Gonçalves","Estado":"17"},{"ID":"3540","Nome":"Rio Grande do Piauí","Estado":"17"},{"ID":"3541","Nome":"Santa Cruz do Piauí","Estado":"17"},{"ID":"3542","Nome":"Santa Cruz dos Milagres","Estado":"17"},{"ID":"3543","Nome":"Santa Filomena","Estado":"17"},{"ID":"3544","Nome":"Santa Luz","Estado":"17"},{"ID":"3545","Nome":"Santa Rosa do Piauí","Estado":"17"},{"ID":"3546","Nome":"Santana do Piauí","Estado":"17"},{"ID":"3547","Nome":"Santo Antônio de Lisboa","Estado":"17"},{"ID":"3548","Nome":"Santo Antônio dos Milagres","Estado":"17"},{"ID":"3549","Nome":"Santo Inácio do Piauí","Estado":"17"},{"ID":"3550","Nome":"São Braz do Piauí","Estado":"17"},{"ID":"3551","Nome":"São Félix do Piauí","Estado":"17"},{"ID":"3552","Nome":"São Francisco de Assis do Piauí","Estado":"17"},{"ID":"3553","Nome":"São Francisco do Piauí","Estado":"17"},{"ID":"3554","Nome":"São Gonçalo do Gurguéia","Estado":"17"},{"ID":"3555","Nome":"São Gonçalo do Piauí","Estado":"17"},{"ID":"3556","Nome":"São João da Canabrava","Estado":"17"},{"ID":"3557","Nome":"São João da Fronteira","Estado":"17"},{"ID":"3558","Nome":"São João da Serra","Estado":"17"},{"ID":"3559","Nome":"São João da Varjota","Estado":"17"},{"ID":"3560","Nome":"São João do Arraial","Estado":"17"},{"ID":"3561","Nome":"São João do Piauí","Estado":"17"},{"ID":"3562","Nome":"São José do Divino","Estado":"17"},{"ID":"3563","Nome":"São José do Peixe","Estado":"17"},{"ID":"3564","Nome":"São José do Piauí","Estado":"17"},{"ID":"3565","Nome":"São Julião","Estado":"17"},{"ID":"3566","Nome":"São Lourenço do Piauí","Estado":"17"},{"ID":"3567","Nome":"São Luis do Piauí","Estado":"17"},{"ID":"3568","Nome":"São Miguel da Baixa Grande","Estado":"17"},{"ID":"3569","Nome":"São Miguel do Fidalgo","Estado":"17"},{"ID":"3570","Nome":"São Miguel do Tapuio","Estado":"17"},{"ID":"3571","Nome":"São Pedro do Piauí","Estado":"17"},{"ID":"3572","Nome":"São Raimundo Nonato","Estado":"17"},{"ID":"3573","Nome":"Sebastião Barros","Estado":"17"},{"ID":"3574","Nome":"Sebastião Leal","Estado":"17"},{"ID":"3575","Nome":"Sigefredo Pacheco","Estado":"17"},{"ID":"3576","Nome":"Simões","Estado":"17"},{"ID":"3577","Nome":"Simplício Mendes","Estado":"17"},{"ID":"3578","Nome":"Socorro do Piauí","Estado":"17"},{"ID":"3579","Nome":"Sussuapara","Estado":"17"},{"ID":"3580","Nome":"Tamboril do Piauí","Estado":"17"},{"ID":"3581","Nome":"Tanque do Piauí","Estado":"17"},{"ID":"3582","Nome":"Teresina","Estado":"17"},{"ID":"3583","Nome":"União","Estado":"17"},{"ID":"3584","Nome":"Uruçuí","Estado":"17"},{"ID":"3585","Nome":"Valença do Piauí","Estado":"17"},{"ID":"3586","Nome":"Várzea Branca","Estado":"17"},{"ID":"3587","Nome":"Várzea Grande","Estado":"17"},{"ID":"3588","Nome":"Vera Mendes","Estado":"17"},{"ID":"3589","Nome":"Vila Nova do Piauí","Estado":"17"},{"ID":"3590","Nome":"Wall Ferraz","Estado":"17"}]