[{"ID":"2784","Nome":"Abatiá","Estado":"18"},{"ID":"2785","Nome":"Adrianópolis","Estado":"18"},{"ID":"2786","Nome":"Agudos do Sul","Estado":"18"},{"ID":"2787","Nome":"Almirante Tamandaré","Estado":"18"},{"ID":"2788","Nome":"Altamira do Paraná","Estado":"18"},{"ID":"2789","Nome":"Alto Paraíso","Estado":"18"},{"ID":"2790","Nome":"Alto Paraná","Estado":"18"},{"ID":"2791","Nome":"Alto Piquiri","Estado":"18"},{"ID":"2792","Nome":"Altônia","Estado":"18"},{"ID":"2793","Nome":"Alvorada do Sul","Estado":"18"},{"ID":"2794","Nome":"Amaporã","Estado":"18"},{"ID":"2795","Nome":"Ampére","Estado":"18"},{"ID":"2796","Nome":"Anahy","Estado":"18"},{"ID":"2797","Nome":"Andirá","Estado":"18"},{"ID":"2798","Nome":"Ângulo","Estado":"18"},{"ID":"2799","Nome":"Antonina","Estado":"18"},{"ID":"2800","Nome":"Antônio Olinto","Estado":"18"},{"ID":"2801","Nome":"Apucarana","Estado":"18"},{"ID":"2802","Nome":"Arapongas","Estado":"18"},{"ID":"2803","Nome":"Arapoti","Estado":"18"},{"ID":"2804","Nome":"Arapuã","Estado":"18"},{"ID":"2805","Nome":"Araruna","Estado":"18"},{"ID":"2806","Nome":"Araucária","Estado":"18"},{"ID":"2807","Nome":"Ariranha do Ivaí","Estado":"18"},{"ID":"2808","Nome":"Assaí","Estado":"18"},{"ID":"2809","Nome":"Assis Chateaubriand","Estado":"18"},{"ID":"2810","Nome":"Astorga","Estado":"18"},{"ID":"2811","Nome":"Atalaia","Estado":"18"},{"ID":"2812","Nome":"Balsa Nova","Estado":"18"},{"ID":"2813","Nome":"Bandeirantes","Estado":"18"},{"ID":"2814","Nome":"Barbosa Ferraz","Estado":"18"},{"ID":"2815","Nome":"Barra do Jacaré","Estado":"18"},{"ID":"2816","Nome":"Barracão","Estado":"18"},{"ID":"2817","Nome":"Bela Vista da Caroba","Estado":"18"},{"ID":"2818","Nome":"Bela Vista do Paraíso","Estado":"18"},{"ID":"2819","Nome":"Bituruna","Estado":"18"},{"ID":"2820","Nome":"Boa Esperança","Estado":"18"},{"ID":"2821","Nome":"Boa Esperança do Iguaçu","Estado":"18"},{"ID":"2822","Nome":"Boa Ventura de São Roque","Estado":"18"},{"ID":"2823","Nome":"Boa Vista da Aparecida","Estado":"18"},{"ID":"2824","Nome":"Bocaiúva do Sul","Estado":"18"},{"ID":"2825","Nome":"Bom Jesus do Sul","Estado":"18"},{"ID":"2826","Nome":"Bom Sucesso","Estado":"18"},{"ID":"2827","Nome":"Bom Sucesso do Sul","Estado":"18"},{"ID":"2828","Nome":"Borrazópolis","Estado":"18"},{"ID":"2829","Nome":"Braganey","Estado":"18"},{"ID":"2830","Nome":"Brasilândia do Sul","Estado":"18"},{"ID":"2831","Nome":"Cafeara","Estado":"18"},{"ID":"2832","Nome":"Cafelândia","Estado":"18"},{"ID":"2833","Nome":"Cafezal do Sul","Estado":"18"},{"ID":"2834","Nome":"Califórnia","Estado":"18"},{"ID":"2835","Nome":"Cambará","Estado":"18"},{"ID":"2836","Nome":"Cambé","Estado":"18"},{"ID":"2837","Nome":"Cambira","Estado":"18"},{"ID":"2838","Nome":"Campina da Lagoa","Estado":"18"},{"ID":"2839","Nome":"Campina do Simão","Estado":"18"},{"ID":"2840","Nome":"Campina Grande do Sul","Estado":"18"},{"ID":"2841","Nome":"Campo Bonito","Estado":"18"},{"ID":"2842","Nome":"Campo do Tenente","Estado":"18"},{"ID":"2843","Nome":"Campo Largo","Estado":"18"},{"ID":"2844","Nome":"Campo Magro","Estado":"18"},{"ID":"2845","Nome":"Campo Mourão","Estado":"18"},{"ID":"2846","Nome":"Cândido de Abreu","Estado":"18"},{"ID":"2847","Nome":"Candói","Estado":"18"},{"ID":"2848","Nome":"Cantagalo","Estado":"18"},{"ID":"2849","Nome":"Capanema","Estado":"18"},{"ID":"2850","Nome":"Capitão Leônidas Marques","Estado":"18"},{"ID":"2851","Nome":"Carambeí","Estado":"18"},{"ID":"2852","Nome":"Carlópolis","Estado":"18"},{"ID":"2853","Nome":"Cascavel","Estado":"18"},{"ID":"2854","Nome":"Castro","Estado":"18"},{"ID":"2855","Nome":"Catanduvas","Estado":"18"},{"ID":"2856","Nome":"Centenário do Sul","Estado":"18"},{"ID":"2857","Nome":"Cerro Azul","Estado":"18"},{"ID":"2858","Nome":"Céu Azul","Estado":"18"},{"ID":"2859","Nome":"Chopinzinho","Estado":"18"},{"ID":"2860","Nome":"Cianorte","Estado":"18"},{"ID":"2861","Nome":"Cidade Gaúcha","Estado":"18"},{"ID":"2862","Nome":"Clevelândia","Estado":"18"},{"ID":"2863","Nome":"Colombo","Estado":"18"},{"ID":"2864","Nome":"Colorado","Estado":"18"},{"ID":"2865","Nome":"Congonhinhas","Estado":"18"},{"ID":"2866","Nome":"Conselheiro Mairinck","Estado":"18"},{"ID":"2867","Nome":"Contenda","Estado":"18"},{"ID":"2868","Nome":"Corbélia","Estado":"18"},{"ID":"2869","Nome":"Cornélio Procópio","Estado":"18"},{"ID":"2870","Nome":"Coronel Domingos Soares","Estado":"18"},{"ID":"2871","Nome":"Coronel Vivida","Estado":"18"},{"ID":"2872","Nome":"Corumbataí do Sul","Estado":"18"},{"ID":"2873","Nome":"Cruz Machado","Estado":"18"},{"ID":"2874","Nome":"Cruzeiro do Iguaçu","Estado":"18"},{"ID":"2875","Nome":"Cruzeiro do Oeste","Estado":"18"},{"ID":"2876","Nome":"Cruzeiro do Sul","Estado":"18"},{"ID":"2877","Nome":"Cruzmaltina","Estado":"18"},{"ID":"2878","Nome":"Curitiba","Estado":"18"},{"ID":"2879","Nome":"Curiúva","Estado":"18"},{"ID":"2880","Nome":"Diamante d`Oeste","Estado":"18"},{"ID":"2881","Nome":"Diamante do Norte","Estado":"18"},{"ID":"2882","Nome":"Diamante do Sul","Estado":"18"},{"ID":"2883","Nome":"Dois Vizinhos","Estado":"18"},{"ID":"2884","Nome":"Douradina","Estado":"18"},{"ID":"2885","Nome":"Doutor Camargo","Estado":"18"},{"ID":"2886","Nome":"Doutor Ulysses","Estado":"18"},{"ID":"2887","Nome":"Enéas Marques","Estado":"18"},{"ID":"2888","Nome":"Engenheiro Beltrão","Estado":"18"},{"ID":"2889","Nome":"Entre Rios do Oeste","Estado":"18"},{"ID":"2890","Nome":"Esperança Nova","Estado":"18"},{"ID":"2891","Nome":"Espigão Alto do Iguaçu","Estado":"18"},{"ID":"2892","Nome":"Farol","Estado":"18"},{"ID":"2893","Nome":"Faxinal","Estado":"18"},{"ID":"2894","Nome":"Fazenda Rio Grande","Estado":"18"},{"ID":"2895","Nome":"Fênix","Estado":"18"},{"ID":"2896","Nome":"Fernandes Pinheiro","Estado":"18"},{"ID":"2897","Nome":"Figueira","Estado":"18"},{"ID":"2898","Nome":"Flor da Serra do Sul","Estado":"18"},{"ID":"2899","Nome":"Floraí","Estado":"18"},{"ID":"2900","Nome":"Floresta","Estado":"18"},{"ID":"2901","Nome":"Florestópolis","Estado":"18"},{"ID":"2902","Nome":"Flórida","Estado":"18"},{"ID":"2903","Nome":"Formosa do Oeste","Estado":"18"},{"ID":"2904","Nome":"Foz do Iguaçu","Estado":"18"},{"ID":"2905","Nome":"Foz do Jordão","Estado":"18"},{"ID":"2906","Nome":"Francisco Alves","Estado":"18"},{"ID":"2907","Nome":"Francisco Beltrão","Estado":"18"},{"ID":"2908","Nome":"General Carneiro","Estado":"18"},{"ID":"2909","Nome":"Godoy Moreira","Estado":"18"},{"ID":"2910","Nome":"Goioerê","Estado":"18"},{"ID":"2911","Nome":"Goioxim","Estado":"18"},{"ID":"2912","Nome":"Grandes Rios","Estado":"18"},{"ID":"2913","Nome":"Guaíra","Estado":"18"},{"ID":"2914","Nome":"Guairaçá","Estado":"18"},{"ID":"2915","Nome":"Guamiranga","Estado":"18"},{"ID":"2916","Nome":"Guapirama","Estado":"18"},{"ID":"2917","Nome":"Guaporema","Estado":"18"},{"ID":"2918","Nome":"Guaraci","Estado":"18"},{"ID":"2919","Nome":"Guaraniaçu","Estado":"18"},{"ID":"2920","Nome":"Guarapuava","Estado":"18"},{"ID":"2921","Nome":"Guaraqueçaba","Estado":"18"},{"ID":"2922","Nome":"Guaratuba","Estado":"18"},{"ID":"2923","Nome":"Honório Serpa","Estado":"18"},{"ID":"2924","Nome":"Ibaiti","Estado":"18"},{"ID":"2925","Nome":"Ibema","Estado":"18"},{"ID":"2926","Nome":"Ibiporã","Estado":"18"},{"ID":"2927","Nome":"Icaraíma","Estado":"18"},{"ID":"2928","Nome":"Iguaraçu","Estado":"18"},{"ID":"2929","Nome":"Iguatu","Estado":"18"},{"ID":"2930","Nome":"Imbaú","Estado":"18"},{"ID":"2931","Nome":"Imbituva","Estado":"18"},{"ID":"2932","Nome":"Inácio Martins","Estado":"18"},{"ID":"2933","Nome":"Inajá","Estado":"18"},{"ID":"2934","Nome":"Indianópolis","Estado":"18"},{"ID":"2935","Nome":"Ipiranga","Estado":"18"},{"ID":"2936","Nome":"Iporã","Estado":"18"},{"ID":"2937","Nome":"Iracema do Oeste","Estado":"18"},{"ID":"2938","Nome":"Irati","Estado":"18"},{"ID":"2939","Nome":"Iretama","Estado":"18"},{"ID":"2940","Nome":"Itaguajé","Estado":"18"},{"ID":"2941","Nome":"Itaipulândia","Estado":"18"},{"ID":"2942","Nome":"Itambaracá","Estado":"18"},{"ID":"2943","Nome":"Itambé","Estado":"18"},{"ID":"2944","Nome":"Itapejara d`Oeste","Estado":"18"},{"ID":"2945","Nome":"Itaperuçu","Estado":"18"},{"ID":"2946","Nome":"Itaúna do Sul","Estado":"18"},{"ID":"2947","Nome":"Ivaí","Estado":"18"},{"ID":"2948","Nome":"Ivaiporã","Estado":"18"},{"ID":"2949","Nome":"Ivaté","Estado":"18"},{"ID":"2950","Nome":"Ivatuba","Estado":"18"},{"ID":"2951","Nome":"Jaboti","Estado":"18"},{"ID":"2952","Nome":"Jacarezinho","Estado":"18"},{"ID":"2953","Nome":"Jaguapitã","Estado":"18"},{"ID":"2954","Nome":"Jaguariaíva","Estado":"18"},{"ID":"2955","Nome":"Jandaia do Sul","Estado":"18"},{"ID":"2956","Nome":"Janiópolis","Estado":"18"},{"ID":"2957","Nome":"Japira","Estado":"18"},{"ID":"2958","Nome":"Japurá","Estado":"18"},{"ID":"2959","Nome":"Jardim Alegre","Estado":"18"},{"ID":"2960","Nome":"Jardim Olinda","Estado":"18"},{"ID":"2961","Nome":"Jataizinho","Estado":"18"},{"ID":"2962","Nome":"Jesuítas","Estado":"18"},{"ID":"2963","Nome":"Joaquim Távora","Estado":"18"},{"ID":"2964","Nome":"Jundiaí do Sul","Estado":"18"},{"ID":"2965","Nome":"Juranda","Estado":"18"},{"ID":"2966","Nome":"Jussara","Estado":"18"},{"ID":"2967","Nome":"Kaloré","Estado":"18"},{"ID":"2968","Nome":"Lapa","Estado":"18"},{"ID":"2969","Nome":"Laranjal","Estado":"18"},{"ID":"2970","Nome":"Laranjeiras do Sul","Estado":"18"},{"ID":"2971","Nome":"Leópolis","Estado":"18"},{"ID":"2972","Nome":"Lidianópolis","Estado":"18"},{"ID":"2973","Nome":"Lindoeste","Estado":"18"},{"ID":"2974","Nome":"Loanda","Estado":"18"},{"ID":"2975","Nome":"Lobato","Estado":"18"},{"ID":"2976","Nome":"Londrina","Estado":"18"},{"ID":"2977","Nome":"Luiziana","Estado":"18"},{"ID":"2978","Nome":"Lunardelli","Estado":"18"},{"ID":"2979","Nome":"Lupionópolis","Estado":"18"},{"ID":"2980","Nome":"Mallet","Estado":"18"},{"ID":"2981","Nome":"Mamborê","Estado":"18"},{"ID":"2982","Nome":"Mandaguaçu","Estado":"18"},{"ID":"2983","Nome":"Mandaguari","Estado":"18"},{"ID":"2984","Nome":"Mandirituba","Estado":"18"},{"ID":"2985","Nome":"Manfrinópolis","Estado":"18"},{"ID":"2986","Nome":"Mangueirinha","Estado":"18"},{"ID":"2987","Nome":"Manoel Ribas","Estado":"18"},{"ID":"2988","Nome":"Marechal Cândido Rondon","Estado":"18"},{"ID":"2989","Nome":"Maria Helena","Estado":"18"},{"ID":"2990","Nome":"Marialva","Estado":"18"},{"ID":"2991","Nome":"Marilândia do Sul","Estado":"18"},{"ID":"2992","Nome":"Marilena","Estado":"18"},{"ID":"2993","Nome":"Mariluz","Estado":"18"},{"ID":"2994","Nome":"Maringá","Estado":"18"},{"ID":"2995","Nome":"Mariópolis","Estado":"18"},{"ID":"2996","Nome":"Maripá","Estado":"18"},{"ID":"2997","Nome":"Marmeleiro","Estado":"18"},{"ID":"2998","Nome":"Marquinho","Estado":"18"},{"ID":"2999","Nome":"Marumbi","Estado":"18"},{"ID":"3000","Nome":"Matelândia","Estado":"18"},{"ID":"3001","Nome":"Matinhos","Estado":"18"},{"ID":"3002","Nome":"Mato Rico","Estado":"18"},{"ID":"3003","Nome":"Mauá da Serra","Estado":"18"},{"ID":"3004","Nome":"Medianeira","Estado":"18"},{"ID":"3005","Nome":"Mercedes","Estado":"18"},{"ID":"3006","Nome":"Mirador","Estado":"18"},{"ID":"3007","Nome":"Miraselva","Estado":"18"},{"ID":"3008","Nome":"Missal","Estado":"18"},{"ID":"3009","Nome":"Moreira Sales","Estado":"18"},{"ID":"3010","Nome":"Morretes","Estado":"18"},{"ID":"3011","Nome":"Munhoz de Melo","Estado":"18"},{"ID":"3012","Nome":"Nossa Senhora das Graças","Estado":"18"},{"ID":"3013","Nome":"Nova Aliança do Ivaí","Estado":"18"},{"ID":"3014","Nome":"Nova América da Colina","Estado":"18"},{"ID":"3015","Nome":"Nova Aurora","Estado":"18"},{"ID":"3016","Nome":"Nova Cantu","Estado":"18"},{"ID":"3017","Nome":"Nova Esperança","Estado":"18"},{"ID":"3018","Nome":"Nova Esperança do Sudoeste","Estado":"18"},{"ID":"3019","Nome":"Nova Fátima","Estado":"18"},{"ID":"3020","Nome":"Nova Laranjeiras","Estado":"18"},{"ID":"3021","Nome":"Nova Londrina","Estado":"18"},{"ID":"3022","Nome":"Nova Olímpia","Estado":"18"},{"ID":"3023","Nome":"Nova Prata do Iguaçu","Estado":"18"},{"ID":"3024","Nome":"Nova Santa Bárbara","Estado":"18"},{"ID":"3025","Nome":"Nova Santa Rosa","Estado":"18"},{"ID":"3026","Nome":"Nova Tebas","Estado":"18"},{"ID":"3027","Nome":"Novo Itacolomi","Estado":"18"},{"ID":"3028","Nome":"Ortigueira","Estado":"18"},{"ID":"3029","Nome":"Ourizona","Estado":"18"},{"ID":"3030","Nome":"Ouro Verde do Oeste","Estado":"18"},{"ID":"3031","Nome":"Paiçandu","Estado":"18"},{"ID":"3032","Nome":"Palmas","Estado":"18"},{"ID":"3033","Nome":"Palmeira","Estado":"18"},{"ID":"3034","Nome":"Palmital","Estado":"18"},{"ID":"3035","Nome":"Palotina","Estado":"18"},{"ID":"3036","Nome":"Paraíso do Norte","Estado":"18"},{"ID":"3037","Nome":"Paranacity","Estado":"18"},{"ID":"3038","Nome":"Paranaguá","Estado":"18"},{"ID":"3039","Nome":"Paranapoema","Estado":"18"},{"ID":"3040","Nome":"Paranavaí","Estado":"18"},{"ID":"3041","Nome":"Pato Bragado","Estado":"18"},{"ID":"3042","Nome":"Pato Branco","Estado":"18"},{"ID":"3043","Nome":"Paula Freitas","Estado":"18"},{"ID":"3044","Nome":"Paulo Frontin","Estado":"18"},{"ID":"3045","Nome":"Peabiru","Estado":"18"},{"ID":"3046","Nome":"Perobal","Estado":"18"},{"ID":"3047","Nome":"Pérola","Estado":"18"},{"ID":"3048","Nome":"Pérola d`Oeste","Estado":"18"},{"ID":"3049","Nome":"Piên","Estado":"18"},{"ID":"3050","Nome":"Pinhais","Estado":"18"},{"ID":"3051","Nome":"Pinhal de São Bento","Estado":"18"},{"ID":"3052","Nome":"Pinhalão","Estado":"18"},{"ID":"3053","Nome":"Pinhão","Estado":"18"},{"ID":"3054","Nome":"Piraí do Sul","Estado":"18"},{"ID":"3055","Nome":"Piraquara","Estado":"18"},{"ID":"3056","Nome":"Pitanga","Estado":"18"},{"ID":"3057","Nome":"Pitangueiras","Estado":"18"},{"ID":"3058","Nome":"Planaltina do Paraná","Estado":"18"},{"ID":"3059","Nome":"Planalto","Estado":"18"},{"ID":"3060","Nome":"Ponta Grossa","Estado":"18"},{"ID":"3061","Nome":"Pontal do Paraná","Estado":"18"},{"ID":"3062","Nome":"Porecatu","Estado":"18"},{"ID":"3063","Nome":"Porto Amazonas","Estado":"18"},{"ID":"3064","Nome":"Porto Barreiro","Estado":"18"},{"ID":"3065","Nome":"Porto Rico","Estado":"18"},{"ID":"3066","Nome":"Porto Vitória","Estado":"18"},{"ID":"3067","Nome":"Prado Ferreira","Estado":"18"},{"ID":"3068","Nome":"Pranchita","Estado":"18"},{"ID":"3069","Nome":"Presidente Castelo Branco","Estado":"18"},{"ID":"3070","Nome":"Primeiro de Maio","Estado":"18"},{"ID":"3071","Nome":"Prudentópolis","Estado":"18"},{"ID":"3072","Nome":"Quarto Centenário","Estado":"18"},{"ID":"3073","Nome":"Quatiguá","Estado":"18"},{"ID":"3074","Nome":"Quatro Barras","Estado":"18"},{"ID":"3075","Nome":"Quatro Pontes","Estado":"18"},{"ID":"3076","Nome":"Quedas do Iguaçu","Estado":"18"},{"ID":"3077","Nome":"Querência do Norte","Estado":"18"},{"ID":"3078","Nome":"Quinta do Sol","Estado":"18"},{"ID":"3079","Nome":"Quitandinha","Estado":"18"},{"ID":"3080","Nome":"Ramilândia","Estado":"18"},{"ID":"3081","Nome":"Rancho Alegre","Estado":"18"},{"ID":"3082","Nome":"Rancho Alegre d`Oeste","Estado":"18"},{"ID":"3083","Nome":"Realeza","Estado":"18"},{"ID":"3084","Nome":"Rebouças","Estado":"18"},{"ID":"3085","Nome":"Renascença","Estado":"18"},{"ID":"3086","Nome":"Reserva","Estado":"18"},{"ID":"3087","Nome":"Reserva do Iguaçu","Estado":"18"},{"ID":"3088","Nome":"Ribeirão Claro","Estado":"18"},{"ID":"3089","Nome":"Ribeirão do Pinhal","Estado":"18"},{"ID":"3090","Nome":"Rio Azul","Estado":"18"},{"ID":"3091","Nome":"Rio Bom","Estado":"18"},{"ID":"3092","Nome":"Rio Bonito do Iguaçu","Estado":"18"},{"ID":"3093","Nome":"Rio Branco do Ivaí","Estado":"18"},{"ID":"3094","Nome":"Rio Branco do Sul","Estado":"18"},{"ID":"3095","Nome":"Rio Negro","Estado":"18"},{"ID":"3096","Nome":"Rolândia","Estado":"18"},{"ID":"3097","Nome":"Roncador","Estado":"18"},{"ID":"3098","Nome":"Rondon","Estado":"18"},{"ID":"3099","Nome":"Rosário do Ivaí","Estado":"18"},{"ID":"3100","Nome":"Sabáudia","Estado":"18"},{"ID":"3101","Nome":"Salgado Filho","Estado":"18"},{"ID":"3102","Nome":"Salto do Itararé","Estado":"18"},{"ID":"3103","Nome":"Salto do Lontra","Estado":"18"},{"ID":"3104","Nome":"Santa Amélia","Estado":"18"},{"ID":"3105","Nome":"Santa Cecília do Pavão","Estado":"18"},{"ID":"3106","Nome":"Santa Cruz de Monte Castelo","Estado":"18"},{"ID":"3107","Nome":"Santa Fé","Estado":"18"},{"ID":"3108","Nome":"Santa Helena","Estado":"18"},{"ID":"3109","Nome":"Santa Inês","Estado":"18"},{"ID":"3110","Nome":"Santa Isabel do Ivaí","Estado":"18"},{"ID":"3111","Nome":"Santa Izabel do Oeste","Estado":"18"},{"ID":"3112","Nome":"Santa Lúcia","Estado":"18"},{"ID":"3113","Nome":"Santa Maria do Oeste","Estado":"18"},{"ID":"3114","Nome":"Santa Mariana","Estado":"18"},{"ID":"3115","Nome":"Santa Mônica","Estado":"18"},{"ID":"3116","Nome":"Santa Tereza do Oeste","Estado":"18"},{"ID":"3117","Nome":"Santa Terezinha de Itaipu","Estado":"18"},{"ID":"3118","Nome":"Santana do Itararé","Estado":"18"},{"ID":"3119","Nome":"Santo Antônio da Platina","Estado":"18"},{"ID":"3120","Nome":"Santo Antônio do Caiuá","Estado":"18"},{"ID":"3121","Nome":"Santo Antônio do Paraíso","Estado":"18"},{"ID":"3122","Nome":"Santo Antônio do Sudoeste","Estado":"18"},{"ID":"3123","Nome":"Santo Inácio","Estado":"18"},{"ID":"3124","Nome":"São Carlos do Ivaí","Estado":"18"},{"ID":"3125","Nome":"São Jerônimo da Serra","Estado":"18"},{"ID":"3126","Nome":"São João","Estado":"18"},{"ID":"3127","Nome":"São João do Caiuá","Estado":"18"},{"ID":"3128","Nome":"São João do Ivaí","Estado":"18"},{"ID":"3129","Nome":"São João do Triunfo","Estado":"18"},{"ID":"3130","Nome":"São Jorge d`Oeste","Estado":"18"},{"ID":"3131","Nome":"São Jorge do Ivaí","Estado":"18"},{"ID":"3132","Nome":"São Jorge do Patrocínio","Estado":"18"},{"ID":"3133","Nome":"São José da Boa Vista","Estado":"18"},{"ID":"3134","Nome":"São José das Palmeiras","Estado":"18"},{"ID":"3135","Nome":"São José dos Pinhais","Estado":"18"},{"ID":"3136","Nome":"São Manoel do Paraná","Estado":"18"},{"ID":"3137","Nome":"São Mateus do Sul","Estado":"18"},{"ID":"3138","Nome":"São Miguel do Iguaçu","Estado":"18"},{"ID":"3139","Nome":"São Pedro do Iguaçu","Estado":"18"},{"ID":"3140","Nome":"São Pedro do Ivaí","Estado":"18"},{"ID":"3141","Nome":"São Pedro do Paraná","Estado":"18"},{"ID":"3142","Nome":"São Sebastião da Amoreira","Estado":"18"},{"ID":"3143","Nome":"São Tomé","Estado":"18"},{"ID":"3144","Nome":"Sapopema","Estado":"18"},{"ID":"3145","Nome":"Sarandi","Estado":"18"},{"ID":"3146","Nome":"Saudade do Iguaçu","Estado":"18"},{"ID":"3147","Nome":"Sengés","Estado":"18"},{"ID":"3148","Nome":"Serranópolis do Iguaçu","Estado":"18"},{"ID":"3149","Nome":"Sertaneja","Estado":"18"},{"ID":"3150","Nome":"Sertanópolis","Estado":"18"},{"ID":"3151","Nome":"Siqueira Campos","Estado":"18"},{"ID":"3152","Nome":"Sulina","Estado":"18"},{"ID":"3153","Nome":"Tamarana","Estado":"18"},{"ID":"3154","Nome":"Tamboara","Estado":"18"},{"ID":"3155","Nome":"Tapejara","Estado":"18"},{"ID":"3156","Nome":"Tapira","Estado":"18"},{"ID":"3157","Nome":"Teixeira Soares","Estado":"18"},{"ID":"3158","Nome":"Telêmaco Borba","Estado":"18"},{"ID":"3159","Nome":"Terra Boa","Estado":"18"},{"ID":"3160","Nome":"Terra Rica","Estado":"18"},{"ID":"3161","Nome":"Terra Roxa","Estado":"18"},{"ID":"3162","Nome":"Tibagi","Estado":"18"},{"ID":"3163","Nome":"Tijucas do Sul","Estado":"18"},{"ID":"3164","Nome":"Toledo","Estado":"18"},{"ID":"3165","Nome":"Tomazina","Estado":"18"},{"ID":"3166","Nome":"Três Barras do Paraná","Estado":"18"},{"ID":"3167","Nome":"Tunas do Paraná","Estado":"18"},{"ID":"3168","Nome":"Tuneiras do Oeste","Estado":"18"},{"ID":"3169","Nome":"Tupãssi","Estado":"18"},{"ID":"3170","Nome":"Turvo","Estado":"18"},{"ID":"3171","Nome":"Ubiratã","Estado":"18"},{"ID":"3172","Nome":"Umuarama","Estado":"18"},{"ID":"3173","Nome":"União da Vitória","Estado":"18"},{"ID":"3174","Nome":"Uniflor","Estado":"18"},{"ID":"3175","Nome":"Uraí","Estado":"18"},{"ID":"3176","Nome":"Ventania","Estado":"18"},{"ID":"3177","Nome":"Vera Cruz do Oeste","Estado":"18"},{"ID":"3178","Nome":"Verê","Estado":"18"},{"ID":"3179","Nome":"Virmond","Estado":"18"},{"ID":"3180","Nome":"Vitorino","Estado":"18"},{"ID":"3181","Nome":"Wenceslau Braz","Estado":"18"},{"ID":"3182","Nome":"Xambrê","Estado":"18"}]