[{"ID":"3591","Nome":"Angra dos Reis","Estado":"19"},{"ID":"3592","Nome":"Aperibé","Estado":"19"},{"ID":"3593","Nome":"Araruama","Estado":"19"},{"ID":"3594","Nome":"Areal","Estado":"19"},{"ID":"3595","Nome":"Armação dos Búzios","Estado":"19"},{"ID":"3596","Nome":"Arraial do Cabo","Estado":"19"},{"ID":"3597","Nome":"Barra do Piraí","Estado":"19"},{"ID":"3598","Nome":"Barra Mansa","Estado":"19"},{"ID":"3599","Nome":"Belford Roxo","Estado":"19"},{"ID":"3600","Nome":"Bom Jardim","Estado":"19"},{"ID":"3601","Nome":"Bom Jesus do Itabapoana","Estado":"19"},{"ID":"3602","Nome":"Cabo Frio","Estado":"19"},{"ID":"3603","Nome":"Cachoeiras de Macacu","Estado":"19"},{"ID":"3604","Nome":"Cambuci","Estado":"19"},{"ID":"3605","Nome":"Campos dos Goytacazes","Estado":"19"},{"ID":"3606","Nome":"Cantagalo","Estado":"19"},{"ID":"3607","Nome":"Carapebus","Estado":"19"},{"ID":"3608","Nome":"Cardoso Moreira","Estado":"19"},{"ID":"3609","Nome":"Carmo","Estado":"19"},{"ID":"3610","Nome":"Casimiro de Abreu","Estado":"19"},{"ID":"3611","Nome":"Comendador Levy Gasparian","Estado":"19"},{"ID":"3612","Nome":"Conceição de Macabu","Estado":"19"},{"ID":"3613","Nome":"Cordeiro","Estado":"19"},{"ID":"3614","Nome":"Duas Barras","Estado":"19"},{"ID":"3615","Nome":"Duque de Caxias","Estado":"19"},{"ID":"3616","Nome":"Engenheiro Paulo de Frontin","Estado":"19"},{"ID":"3617","Nome":"Guapimirim","Estado":"19"},{"ID":"3618","Nome":"Iguaba Grande","Estado":"19"},{"ID":"3619","Nome":"Itaboraí","Estado":"19"},{"ID":"3620","Nome":"Itaguaí","Estado":"19"},{"ID":"3621","Nome":"Italva","Estado":"19"},{"ID":"3622","Nome":"Itaocara","Estado":"19"},{"ID":"3623","Nome":"Itaperuna","Estado":"19"},{"ID":"3624","Nome":"Itatiaia","Estado":"19"},{"ID":"3625","Nome":"Japeri","Estado":"19"},{"ID":"3626","Nome":"Laje do Muriaé","Estado":"19"},{"ID":"3627","Nome":"Macaé","Estado":"19"},{"ID":"3628","Nome":"Macuco","Estado":"19"},{"ID":"3629","Nome":"Magé","Estado":"19"},{"ID":"3630","Nome":"Mangaratiba","Estado":"19"},{"ID":"3631","Nome":"Maricá","Estado":"19"},{"ID":"3632","Nome":"Mendes","Estado":"19"},{"ID":"3633","Nome":"Mesquita","Estado":"19"},{"ID":"3634","Nome":"Miguel Pereira","Estado":"19"},{"ID":"3635","Nome":"Miracema","Estado":"19"},{"ID":"3636","Nome":"Natividade","Estado":"19"},{"ID":"3637","Nome":"Nilópolis","Estado":"19"},{"ID":"3638","Nome":"Niterói","Estado":"19"},{"ID":"3639","Nome":"Nova Friburgo","Estado":"19"},{"ID":"3640","Nome":"Nova Iguaçu","Estado":"19"},{"ID":"3641","Nome":"Paracambi","Estado":"19"},{"ID":"3642","Nome":"Paraíba do Sul","Estado":"19"},{"ID":"3643","Nome":"Parati","Estado":"19"},{"ID":"3644","Nome":"Paty do Alferes","Estado":"19"},{"ID":"3645","Nome":"Petrópolis","Estado":"19"},{"ID":"3646","Nome":"Pinheiral","Estado":"19"},{"ID":"3647","Nome":"Piraí","Estado":"19"},{"ID":"3648","Nome":"Porciúncula","Estado":"19"},{"ID":"3649","Nome":"Porto Real","Estado":"19"},{"ID":"3650","Nome":"Quatis","Estado":"19"},{"ID":"3651","Nome":"Queimados","Estado":"19"},{"ID":"3652","Nome":"Quissamã","Estado":"19"},{"ID":"3653","Nome":"Resende","Estado":"19"},{"ID":"3654","Nome":"Rio Bonito","Estado":"19"},{"ID":"3655","Nome":"Rio Claro","Estado":"19"},{"ID":"3656","Nome":"Rio das Flores","Estado":"19"},{"ID":"3657","Nome":"Rio das Ostras","Estado":"19"},{"ID":"3658","Nome":"Rio de Janeiro","Estado":"19"},{"ID":"3659","Nome":"Santa Maria Madalena","Estado":"19"},{"ID":"3660","Nome":"Santo Antônio de Pádua","Estado":"19"},{"ID":"3661","Nome":"São Fidélis","Estado":"19"},{"ID":"3662","Nome":"São Francisco de Itabapoana","Estado":"19"},{"ID":"3663","Nome":"São Gonçalo","Estado":"19"},{"ID":"3664","Nome":"São João da Barra","Estado":"19"},{"ID":"3665","Nome":"São João de Meriti","Estado":"19"},{"ID":"3666","Nome":"São José de Ubá","Estado":"19"},{"ID":"3667","Nome":"São José do Vale do Rio Pret","Estado":"19"},{"ID":"3668","Nome":"São Pedro da Aldeia","Estado":"19"},{"ID":"3669","Nome":"São Sebastião do Alto","Estado":"19"},{"ID":"3670","Nome":"Sapucaia","Estado":"19"},{"ID":"3671","Nome":"Saquarema","Estado":"19"},{"ID":"3672","Nome":"Seropédica","Estado":"19"},{"ID":"3673","Nome":"Silva Jardim","Estado":"19"},{"ID":"3674","Nome":"Sumidouro","Estado":"19"},{"ID":"3675","Nome":"Tanguá","Estado":"19"},{"ID":"3676","Nome":"Teresópolis","Estado":"19"},{"ID":"3677","Nome":"Trajano de Morais","Estado":"19"},{"ID":"3678","Nome":"Três Rios","Estado":"19"},{"ID":"3679","Nome":"Valença","Estado":"19"},{"ID":"3680","Nome":"Varre-Sai","Estado":"19"},{"ID":"3681","Nome":"Vassouras","Estado":"19"},{"ID":"3682","Nome":"Volta Redonda","Estado":"19"}]