[{"ID":"3683","Nome":"Acari","Estado":"20"},{"ID":"3684","Nome":"Açu","Estado":"20"},{"ID":"3685","Nome":"Afonso Bezerra","Estado":"20"},{"ID":"3686","Nome":"Água Nova","Estado":"20"},{"ID":"3687","Nome":"Alexandria","Estado":"20"},{"ID":"3688","Nome":"Almino Afonso","Estado":"20"},{"ID":"3689","Nome":"Alto do Rodrigues","Estado":"20"},{"ID":"3690","Nome":"Angicos","Estado":"20"},{"ID":"3691","Nome":"Antônio Martins","Estado":"20"},{"ID":"3692","Nome":"Apodi","Estado":"20"},{"ID":"3693","Nome":"Areia Branca","Estado":"20"},{"ID":"3694","Nome":"Arês","Estado":"20"},{"ID":"3695","Nome":"Augusto Severo","Estado":"20"},{"ID":"3696","Nome":"Baía Formosa","Estado":"20"},{"ID":"3697","Nome":"Baraúna","Estado":"20"},{"ID":"3698","Nome":"Barcelona","Estado":"20"},{"ID":"3699","Nome":"Bento Fernandes","Estado":"20"},{"ID":"3700","Nome":"Bodó","Estado":"20"},{"ID":"3701","Nome":"Bom Jesus","Estado":"20"},{"ID":"3702","Nome":"Brejinho","Estado":"20"},{"ID":"3703","Nome":"Caiçara do Norte","Estado":"20"},{"ID":"3704","Nome":"Caiçara do Rio do Vento","Estado":"20"},{"ID":"3705","Nome":"Caicó","Estado":"20"},{"ID":"3706","Nome":"Campo Redondo","Estado":"20"},{"ID":"3707","Nome":"Canguaretama","Estado":"20"},{"ID":"3708","Nome":"Caraúbas","Estado":"20"},{"ID":"3709","Nome":"Carnaúba dos Dantas","Estado":"20"},{"ID":"3710","Nome":"Carnaubais","Estado":"20"},{"ID":"3711","Nome":"Ceará-Mirim","Estado":"20"},{"ID":"3712","Nome":"Cerro Corá","Estado":"20"},{"ID":"3713","Nome":"Coronel Ezequiel","Estado":"20"},{"ID":"3714","Nome":"Coronel João Pessoa","Estado":"20"},{"ID":"3715","Nome":"Cruzeta","Estado":"20"},{"ID":"3716","Nome":"Currais Novos","Estado":"20"},{"ID":"3717","Nome":"Doutor Severiano","Estado":"20"},{"ID":"3718","Nome":"Encanto","Estado":"20"},{"ID":"3719","Nome":"Equador","Estado":"20"},{"ID":"3720","Nome":"Espírito Santo","Estado":"20"},{"ID":"3721","Nome":"Extremoz","Estado":"20"},{"ID":"3722","Nome":"Felipe Guerra","Estado":"20"},{"ID":"3723","Nome":"Fernando Pedroza","Estado":"20"},{"ID":"3724","Nome":"Florânia","Estado":"20"},{"ID":"3725","Nome":"Francisco Dantas","Estado":"20"},{"ID":"3726","Nome":"Frutuoso Gomes","Estado":"20"},{"ID":"3727","Nome":"Galinhos","Estado":"20"},{"ID":"3728","Nome":"Goianinha","Estado":"20"},{"ID":"3729","Nome":"Governador Dix-Sept Rosado","Estado":"20"},{"ID":"3730","Nome":"Grossos","Estado":"20"},{"ID":"3731","Nome":"Guamaré","Estado":"20"},{"ID":"3732","Nome":"Ielmo Marinho","Estado":"20"},{"ID":"3733","Nome":"Ipanguaçu","Estado":"20"},{"ID":"3734","Nome":"Ipueira","Estado":"20"},{"ID":"3735","Nome":"Itajá","Estado":"20"},{"ID":"3736","Nome":"Itaú","Estado":"20"},{"ID":"3737","Nome":"Jaçanã","Estado":"20"},{"ID":"3738","Nome":"Jandaíra","Estado":"20"},{"ID":"3739","Nome":"Janduís","Estado":"20"},{"ID":"3740","Nome":"Januário Cicco","Estado":"20"},{"ID":"3741","Nome":"Japi","Estado":"20"},{"ID":"3742","Nome":"Jardim de Angicos","Estado":"20"},{"ID":"3743","Nome":"Jardim de Piranhas","Estado":"20"},{"ID":"3744","Nome":"Jardim do Seridó","Estado":"20"},{"ID":"3745","Nome":"João Câmara","Estado":"20"},{"ID":"3746","Nome":"João Dias","Estado":"20"},{"ID":"3747","Nome":"José da Penha","Estado":"20"},{"ID":"3748","Nome":"Jucurutu","Estado":"20"},{"ID":"3749","Nome":"Jundiá","Estado":"20"},{"ID":"3750","Nome":"Lagoa d`Anta","Estado":"20"},{"ID":"3751","Nome":"Lagoa de Pedras","Estado":"20"},{"ID":"3752","Nome":"Lagoa de Velhos","Estado":"20"},{"ID":"3753","Nome":"Lagoa Nova","Estado":"20"},{"ID":"3754","Nome":"Lagoa Salgada","Estado":"20"},{"ID":"3755","Nome":"Lajes","Estado":"20"},{"ID":"3756","Nome":"Lajes Pintadas","Estado":"20"},{"ID":"3757","Nome":"Lucrécia","Estado":"20"},{"ID":"3758","Nome":"Luís Gomes","Estado":"20"},{"ID":"3759","Nome":"Macaíba","Estado":"20"},{"ID":"3760","Nome":"Macau","Estado":"20"},{"ID":"3761","Nome":"Major Sales","Estado":"20"},{"ID":"3762","Nome":"Marcelino Vieira","Estado":"20"},{"ID":"3763","Nome":"Martins","Estado":"20"},{"ID":"3764","Nome":"Maxaranguape","Estado":"20"},{"ID":"3765","Nome":"Messias Targino","Estado":"20"},{"ID":"3766","Nome":"Montanhas","Estado":"20"},{"ID":"3767","Nome":"Monte Alegre","Estado":"20"},{"ID":"3768","Nome":"Monte das Gameleiras","Estado":"20"},{"ID":"3769","Nome":"Mossoró","Estado":"20"},{"ID":"3770","Nome":"Natal","Estado":"20"},{"ID":"3771","Nome":"Nísia Floresta","Estado":"20"},{"ID":"3772","Nome":"Nova Cruz","Estado":"20"},{"ID":"3773","Nome":"Olho-d`Água do Borges","Estado":"20"},{"ID":"3774","Nome":"Ouro Branco","Estado":"20"},{"ID":"3775","Nome":"Paraná","Estado":"20"},{"ID":"3776","Nome":"Paraú","Estado":"20"},{"ID":"3777","Nome":"Parazinho","Estado":"20"},{"ID":"3778","Nome":"Parelhas","Estado":"20"},{"ID":"3779","Nome":"Parnamirim","Estado":"20"},{"ID":"3780","Nome":"Passa e Fica","Estado":"20"},{"ID":"3781","Nome":"Passagem","Estado":"20"},{"ID":"3782","Nome":"Patu","Estado":"20"},{"ID":"3783","Nome":"Pau dos Ferros","Estado":"20"},{"ID":"3784","Nome":"Pedra Grande","Estado":"20"},{"ID":"3785","Nome":"Pedra Preta","Estado":"20"},{"ID":"3786","Nome":"Pedro Avelino","Estado":"20"},{"ID":"3787","Nome":"Pedro Velho","Estado":"20"},{"ID":"3788","Nome":"Pendências","Estado":"20"},{"ID":"3789","Nome":"Pilões","Estado":"20"},{"ID":"3790","Nome":"Poço Branco","Estado":"20"},{"ID":"3791","Nome":"Portalegre","Estado":"20"},{"ID":"3792","Nome":"Porto do Mangue","Estado":"20"},{"ID":"3793","Nome":"Presidente Juscelino","Estado":"20"},{"ID":"3794","Nome":"Pureza","Estado":"20"},{"ID":"3795","Nome":"Rafael Fernandes","Estado":"20"},{"ID":"3796","Nome":"Rafael Godeiro","Estado":"20"},{"ID":"3797","Nome":"Riacho da Cruz","Estado":"20"},{"ID":"3798","Nome":"Riacho de Santana","Estado":"20"},{"ID":"3799","Nome":"Riachuelo","Estado":"20"},{"ID":"3800","Nome":"Rio do Fogo","Estado":"20"},{"ID":"3801","Nome":"Rodolfo Fernandes","Estado":"20"},{"ID":"3802","Nome":"Ruy Barbosa","Estado":"20"},{"ID":"3803","Nome":"Santa Cruz","Estado":"20"},{"ID":"3804","Nome":"Santa Maria","Estado":"20"},{"ID":"3805","Nome":"Santana do Matos","Estado":"20"},{"ID":"3806","Nome":"Santana do Seridó","Estado":"20"},{"ID":"3807","Nome":"Santo Antônio","Estado":"20"},{"ID":"3808","Nome":"São Bento do Norte","Estado":"20"},{"ID":"3809","Nome":"São Bento do Trairí","Estado":"20"},{"ID":"3810","Nome":"São Fernando","Estado":"20"},{"ID":"3811","Nome":"São Francisco do Oeste","Estado":"20"},{"ID":"3812","Nome":"São Gonçalo do Amarante","Estado":"20"},{"ID":"3813","Nome":"São João do Sabugi","Estado":"20"},{"ID":"3814","Nome":"São José de Mipibu","Estado":"20"},{"ID":"3815","Nome":"São José do Campestre","Estado":"20"},{"ID":"3816","Nome":"São José do Seridó","Estado":"20"},{"ID":"3817","Nome":"São Miguel","Estado":"20"},{"ID":"3818","Nome":"São Miguel do Gostoso","Estado":"20"},{"ID":"3819","Nome":"São Paulo do Potengi","Estado":"20"},{"ID":"3820","Nome":"São Pedro","Estado":"20"},{"ID":"3821","Nome":"São Rafael","Estado":"20"},{"ID":"3822","Nome":"São Tomé","Estado":"20"},{"ID":"3823","Nome":"São Vicente","Estado":"20"},{"ID":"3824","Nome":"Senador Elói de Souza","Estado":"20"},{"ID":"3825","Nome":"Senador Georgino Avelino","Estado":"20"},{"ID":"3826","Nome":"Serra de São Bento","Estado":"20"},{"ID":"3827","Nome":"Serra do Mel","Estado":"20"},{"ID":"3828","Nome":"Serra Negra do Norte","Estado":"20"},{"ID":"3829","Nome":"Serrinha","Estado":"20"},{"ID":"3830","Nome":"Serrinha dos Pintos","Estado":"20"},{"ID":"3831","Nome":"Severiano Melo","Estado":"20"},{"ID":"3832","Nome":"Sítio Novo","Estado":"20"},{"ID":"3833","Nome":"Taboleiro Grande","Estado":"20"},{"ID":"3834","Nome":"Taipu","Estado":"20"},{"ID":"3835","Nome":"Tangará","Estado":"20"},{"ID":"3836","Nome":"Tenente Ananias","Estado":"20"},{"ID":"3837","Nome":"Tenente Laurentino Cruz","Estado":"20"},{"ID":"3838","Nome":"Tibau","Estado":"20"},{"ID":"3839","Nome":"Tibau do Sul","Estado":"20"},{"ID":"3840","Nome":"Timbaúba dos Batistas","Estado":"20"},{"ID":"3841","Nome":"Touros","Estado":"20"},{"ID":"3842","Nome":"Triunfo Potiguar","Estado":"20"},{"ID":"3843","Nome":"Umarizal","Estado":"20"},{"ID":"3844","Nome":"Upanema","Estado":"20"},{"ID":"3845","Nome":"Várzea","Estado":"20"},{"ID":"3846","Nome":"Venha-Ver","Estado":"20"},{"ID":"3847","Nome":"Vera Cruz","Estado":"20"},{"ID":"3848","Nome":"Viçosa","Estado":"20"},{"ID":"3849","Nome":"Vila Flor","Estado":"20"}]