[{"ID":"4346","Nome":"Alta Floresta d`Oeste","Estado":"21"},{"ID":"4347","Nome":"Alto Alegre dos Parecis","Estado":"21"},{"ID":"4348","Nome":"Alto Paraíso","Estado":"21"},{"ID":"4349","Nome":"Alvorada d`Oeste","Estado":"21"},{"ID":"4350","Nome":"Ariquemes","Estado":"21"},{"ID":"4351","Nome":"Buritis","Estado":"21"},{"ID":"4352","Nome":"Cabixi","Estado":"21"},{"ID":"4353","Nome":"Cacaulândia","Estado":"21"},{"ID":"4354","Nome":"Cacoal","Estado":"21"},{"ID":"4355","Nome":"Campo Novo de Rondônia","Estado":"21"},{"ID":"4356","Nome":"Candeias do Jamari","Estado":"21"},{"ID":"4357","Nome":"Castanheiras","Estado":"21"},{"ID":"4358","Nome":"Cerejeiras","Estado":"21"},{"ID":"4359","Nome":"Chupinguaia","Estado":"21"},{"ID":"4360","Nome":"Colorado do Oeste","Estado":"21"},{"ID":"4361","Nome":"Corumbiara","Estado":"21"},{"ID":"4362","Nome":"Costa Marques","Estado":"21"},{"ID":"4363","Nome":"Cujubim","Estado":"21"},{"ID":"4364","Nome":"Espigão d`Oeste","Estado":"21"},{"ID":"4365","Nome":"Governador Jorge Teixeira","Estado":"21"},{"ID":"4366","Nome":"Guajará-Mirim","Estado":"21"},{"ID":"4367","Nome":"Itapuã do Oeste","Estado":"21"},{"ID":"4368","Nome":"Jaru","Estado":"21"},{"ID":"4369","Nome":"Ji-Paraná","Estado":"21"},{"ID":"4370","Nome":"Machadinho d`Oeste","Estado":"21"},{"ID":"4371","Nome":"Ministro Andreazza","Estado":"21"},{"ID":"4372","Nome":"Mirante da Serra","Estado":"21"},{"ID":"4373","Nome":"Monte Negro","Estado":"21"},{"ID":"4374","Nome":"Nova Brasilândia d`Oeste","Estado":"21"},{"ID":"4375","Nome":"Nova Mamoré","Estado":"21"},{"ID":"4376","Nome":"Nova União","Estado":"21"},{"ID":"4377","Nome":"Novo Horizonte do Oeste","Estado":"21"},{"ID":"4378","Nome":"Ouro Preto do Oeste","Estado":"21"},{"ID":"4379","Nome":"Parecis","Estado":"21"},{"ID":"4380","Nome":"Pimenta Bueno","Estado":"21"},{"ID":"4381","Nome":"Pimenteiras do Oeste","Estado":"21"},{"ID":"4382","Nome":"Porto Velho","Estado":"21"},{"ID":"4383","Nome":"Presidente Médici","Estado":"21"},{"ID":"4384","Nome":"Primavera de Rondônia","Estado":"21"},{"ID":"4385","Nome":"Rio Crespo","Estado":"21"},{"ID":"4386","Nome":"Rolim de Moura","Estado":"21"},{"ID":"4387","Nome":"Santa Luzia d`Oeste","Estado":"21"},{"ID":"4388","Nome":"São Felipe d`Oeste","Estado":"21"},{"ID":"4389","Nome":"São Francisco do Guaporé","Estado":"21"},{"ID":"4390","Nome":"São Miguel do Guaporé","Estado":"21"},{"ID":"4391","Nome":"Seringueiras","Estado":"21"},{"ID":"4392","Nome":"Teixeirópolis","Estado":"21"},{"ID":"4393","Nome":"Theobroma","Estado":"21"},{"ID":"4394","Nome":"Urupá","Estado":"21"},{"ID":"4395","Nome":"Vale do Anari","Estado":"21"},{"ID":"4396","Nome":"Vale do Paraíso","Estado":"21"},{"ID":"4397","Nome":"Vilhena","Estado":"21"}]