[{"ID":"4398","Nome":"Alto Alegre","Estado":"22"},{"ID":"4399","Nome":"Amajari","Estado":"22"},{"ID":"4400","Nome":"Boa Vista","Estado":"22"},{"ID":"4401","Nome":"Bonfim","Estado":"22"},{"ID":"4402","Nome":"Cantá","Estado":"22"},{"ID":"4403","Nome":"Caracaraí","Estado":"22"},{"ID":"4404","Nome":"Caroebe","Estado":"22"},{"ID":"4405","Nome":"Iracema","Estado":"22"},{"ID":"4406","Nome":"Mucajaí","Estado":"22"},{"ID":"4407","Nome":"Normandia","Estado":"22"},{"ID":"4408","Nome":"Pacaraima","Estado":"22"},{"ID":"4409","Nome":"Rorainópolis","Estado":"22"},{"ID":"4410","Nome":"São João da Baliza","Estado":"22"},{"ID":"4411","Nome":"São Luiz","Estado":"22"},{"ID":"4412","Nome":"Uiramutã","Estado":"22"}]