[{"ID":"3850","Nome":"Aceguá","Estado":"23"},{"ID":"3851","Nome":"Água Santa","Estado":"23"},{"ID":"3852","Nome":"Agudo","Estado":"23"},{"ID":"3853","Nome":"Ajuricaba","Estado":"23"},{"ID":"3854","Nome":"Alecrim","Estado":"23"},{"ID":"3855","Nome":"Alegrete","Estado":"23"},{"ID":"3856","Nome":"Alegria","Estado":"23"},{"ID":"3857","Nome":"Almirante Tamandaré do Sul","Estado":"23"},{"ID":"3858","Nome":"Alpestre","Estado":"23"},{"ID":"3859","Nome":"Alto Alegre","Estado":"23"},{"ID":"3860","Nome":"Alto Feliz","Estado":"23"},{"ID":"3861","Nome":"Alvorada","Estado":"23"},{"ID":"3862","Nome":"Amaral Ferrador","Estado":"23"},{"ID":"3863","Nome":"Ametista do Sul","Estado":"23"},{"ID":"3864","Nome":"André da Rocha","Estado":"23"},{"ID":"3865","Nome":"Anta Gorda","Estado":"23"},{"ID":"3866","Nome":"Antônio Prado","Estado":"23"},{"ID":"3867","Nome":"Arambaré","Estado":"23"},{"ID":"3868","Nome":"Araricá","Estado":"23"},{"ID":"3869","Nome":"Aratiba","Estado":"23"},{"ID":"3870","Nome":"Arroio do Meio","Estado":"23"},{"ID":"3871","Nome":"Arroio do Padre","Estado":"23"},{"ID":"3872","Nome":"Arroio do Sal","Estado":"23"},{"ID":"3873","Nome":"Arroio do Tigre","Estado":"23"},{"ID":"3874","Nome":"Arroio dos Ratos","Estado":"23"},{"ID":"3875","Nome":"Arroio Grande","Estado":"23"},{"ID":"3876","Nome":"Arvorezinha","Estado":"23"},{"ID":"3877","Nome":"Augusto Pestana","Estado":"23"},{"ID":"3878","Nome":"Áurea","Estado":"23"},{"ID":"3879","Nome":"Bagé","Estado":"23"},{"ID":"3880","Nome":"Balneário Pinhal","Estado":"23"},{"ID":"3881","Nome":"Barão","Estado":"23"},{"ID":"3882","Nome":"Barão de Cotegipe","Estado":"23"},{"ID":"3883","Nome":"Barão do Triunfo","Estado":"23"},{"ID":"3884","Nome":"Barra do Guarita","Estado":"23"},{"ID":"3885","Nome":"Barra do Quaraí","Estado":"23"},{"ID":"3886","Nome":"Barra do Ribeiro","Estado":"23"},{"ID":"3887","Nome":"Barra do Rio Azul","Estado":"23"},{"ID":"3888","Nome":"Barra Funda","Estado":"23"},{"ID":"3889","Nome":"Barracão","Estado":"23"},{"ID":"3890","Nome":"Barros Cassal","Estado":"23"},{"ID":"3891","Nome":"Benjamin Constant do Sul","Estado":"23"},{"ID":"3892","Nome":"Bento Gonçalves","Estado":"23"},{"ID":"3893","Nome":"Boa Vista das Missões","Estado":"23"},{"ID":"3894","Nome":"Boa Vista do Buricá","Estado":"23"},{"ID":"3895","Nome":"Boa Vista do Cadeado","Estado":"23"},{"ID":"3896","Nome":"Boa Vista do Incra","Estado":"23"},{"ID":"3897","Nome":"Boa Vista do Sul","Estado":"23"},{"ID":"3898","Nome":"Bom Jesus","Estado":"23"},{"ID":"3899","Nome":"Bom Princípio","Estado":"23"},{"ID":"3900","Nome":"Bom Progresso","Estado":"23"},{"ID":"3901","Nome":"Bom Retiro do Sul","Estado":"23"},{"ID":"3902","Nome":"Boqueirão do Leão","Estado":"23"},{"ID":"3903","Nome":"Bossoroca","Estado":"23"},{"ID":"3904","Nome":"Bozano","Estado":"23"},{"ID":"3905","Nome":"Braga","Estado":"23"},{"ID":"3906","Nome":"Brochier","Estado":"23"},{"ID":"3907","Nome":"Butiá","Estado":"23"},{"ID":"3908","Nome":"Caçapava do Sul","Estado":"23"},{"ID":"3909","Nome":"Cacequi","Estado":"23"},{"ID":"3910","Nome":"Cachoeira do Sul","Estado":"23"},{"ID":"3911","Nome":"Cachoeirinha","Estado":"23"},{"ID":"3912","Nome":"Cacique Doble","Estado":"23"},{"ID":"3913","Nome":"Caibaté","Estado":"23"},{"ID":"3914","Nome":"Caiçara","Estado":"23"},{"ID":"3915","Nome":"Camaquã","Estado":"23"},{"ID":"3916","Nome":"Camargo","Estado":"23"},{"ID":"3917","Nome":"Cambará do Sul","Estado":"23"},{"ID":"3918","Nome":"Campestre da Serra","Estado":"23"},{"ID":"3919","Nome":"Campina das Missões","Estado":"23"},{"ID":"3920","Nome":"Campinas do Sul","Estado":"23"},{"ID":"3921","Nome":"Campo Bom","Estado":"23"},{"ID":"3922","Nome":"Campo Novo","Estado":"23"},{"ID":"3923","Nome":"Campos Borges","Estado":"23"},{"ID":"3924","Nome":"Candelária","Estado":"23"},{"ID":"3925","Nome":"Cândido Godói","Estado":"23"},{"ID":"3926","Nome":"Candiota","Estado":"23"},{"ID":"3927","Nome":"Canela","Estado":"23"},{"ID":"3928","Nome":"Canguçu","Estado":"23"},{"ID":"3929","Nome":"Canoas","Estado":"23"},{"ID":"3930","Nome":"Canudos do Vale","Estado":"23"},{"ID":"3931","Nome":"Capão Bonito do Sul","Estado":"23"},{"ID":"3932","Nome":"Capão da Canoa","Estado":"23"},{"ID":"3933","Nome":"Capão do Cipó","Estado":"23"},{"ID":"3934","Nome":"Capão do Leão","Estado":"23"},{"ID":"3935","Nome":"Capela de Santana","Estado":"23"},{"ID":"3936","Nome":"Capitão","Estado":"23"},{"ID":"3937","Nome":"Capivari do Sul","Estado":"23"},{"ID":"3938","Nome":"Caraá","Estado":"23"},{"ID":"3939","Nome":"Carazinho","Estado":"23"},{"ID":"3940","Nome":"Carlos Barbosa","Estado":"23"},{"ID":"3941","Nome":"Carlos Gomes","Estado":"23"},{"ID":"3942","Nome":"Casca","Estado":"23"},{"ID":"3943","Nome":"Caseiros","Estado":"23"},{"ID":"3944","Nome":"Catuípe","Estado":"23"},{"ID":"3945","Nome":"Caxias do Sul","Estado":"23"},{"ID":"3946","Nome":"Centenário","Estado":"23"},{"ID":"3947","Nome":"Cerrito","Estado":"23"},{"ID":"3948","Nome":"Cerro Branco","Estado":"23"},{"ID":"3949","Nome":"Cerro Grande","Estado":"23"},{"ID":"3950","Nome":"Cerro Grande do Sul","Estado":"23"},{"ID":"3951","Nome":"Cerro Largo","Estado":"23"},{"ID":"3952","Nome":"Chapada","Estado":"23"},{"ID":"3953","Nome":"Charqueadas","Estado":"23"},{"ID":"3954","Nome":"Charrua","Estado":"23"},{"ID":"3955","Nome":"Chiapeta","Estado":"23"},{"ID":"3956","Nome":"Chuí","Estado":"23"},{"ID":"3957","Nome":"Chuvisca","Estado":"23"},{"ID":"3958","Nome":"Cidreira","Estado":"23"},{"ID":"3959","Nome":"Ciríaco","Estado":"23"},{"ID":"3960","Nome":"Colinas","Estado":"23"},{"ID":"3961","Nome":"Colorado","Estado":"23"},{"ID":"3962","Nome":"Condor","Estado":"23"},{"ID":"3963","Nome":"Constantina","Estado":"23"},{"ID":"3964","Nome":"Coqueiro Baixo","Estado":"23"},{"ID":"3965","Nome":"Coqueiros do Sul","Estado":"23"},{"ID":"3966","Nome":"Coronel Barros","Estado":"23"},{"ID":"3967","Nome":"Coronel Bicaco","Estado":"23"},{"ID":"3968","Nome":"Coronel Pilar","Estado":"23"},{"ID":"3969","Nome":"Cotiporã","Estado":"23"},{"ID":"3970","Nome":"Coxilha","Estado":"23"},{"ID":"3971","Nome":"Crissiumal","Estado":"23"},{"ID":"3972","Nome":"Cristal","Estado":"23"},{"ID":"3973","Nome":"Cristal do Sul","Estado":"23"},{"ID":"3974","Nome":"Cruz Alta","Estado":"23"},{"ID":"3975","Nome":"Cruzaltense","Estado":"23"},{"ID":"3976","Nome":"Cruzeiro do Sul","Estado":"23"},{"ID":"3977","Nome":"David Canabarro","Estado":"23"},{"ID":"3978","Nome":"Derrubadas","Estado":"23"},{"ID":"3979","Nome":"Dezesseis de Novembro","Estado":"23"},{"ID":"3980","Nome":"Dilermando de Aguiar","Estado":"23"},{"ID":"3981","Nome":"Dois Irmãos","Estado":"23"},{"ID":"3982","Nome":"Dois Irmãos das Missões","Estado":"23"},{"ID":"3983","Nome":"Dois Lajeados","Estado":"23"},{"ID":"3984","Nome":"Dom Feliciano","Estado":"23"},{"ID":"3985","Nome":"Dom Pedrito","Estado":"23"},{"ID":"3986","Nome":"Dom Pedro de Alcântara","Estado":"23"},{"ID":"3987","Nome":"Dona Francisca","Estado":"23"},{"ID":"3988","Nome":"Doutor Maurício Cardoso","Estado":"23"},{"ID":"3989","Nome":"Doutor Ricardo","Estado":"23"},{"ID":"3990","Nome":"Eldorado do Sul","Estado":"23"},{"ID":"3991","Nome":"Encantado","Estado":"23"},{"ID":"3992","Nome":"Encruzilhada do Sul","Estado":"23"},{"ID":"3993","Nome":"Engenho Velho","Estado":"23"},{"ID":"3994","Nome":"Entre Rios do Sul","Estado":"23"},{"ID":"3995","Nome":"Entre-Ijuís","Estado":"23"},{"ID":"3996","Nome":"Erebango","Estado":"23"},{"ID":"3997","Nome":"Erechim","Estado":"23"},{"ID":"3998","Nome":"Ernestina","Estado":"23"},{"ID":"3999","Nome":"Erval Grande","Estado":"23"},{"ID":"4000","Nome":"Erval Seco","Estado":"23"},{"ID":"4001","Nome":"Esmeralda","Estado":"23"},{"ID":"4002","Nome":"Esperança do Sul","Estado":"23"},{"ID":"4003","Nome":"Espumoso","Estado":"23"},{"ID":"4004","Nome":"Estação","Estado":"23"},{"ID":"4005","Nome":"Estância Velha","Estado":"23"},{"ID":"4006","Nome":"Esteio","Estado":"23"},{"ID":"4007","Nome":"Estrela","Estado":"23"},{"ID":"4008","Nome":"Estrela Velha","Estado":"23"},{"ID":"4009","Nome":"Eugênio de Castro","Estado":"23"},{"ID":"4010","Nome":"Fagundes Varela","Estado":"23"},{"ID":"4011","Nome":"Farroupilha","Estado":"23"},{"ID":"4012","Nome":"Faxinal do Soturno","Estado":"23"},{"ID":"4013","Nome":"Faxinalzinho","Estado":"23"},{"ID":"4014","Nome":"Fazenda Vilanova","Estado":"23"},{"ID":"4015","Nome":"Feliz","Estado":"23"},{"ID":"4016","Nome":"Flores da Cunha","Estado":"23"},{"ID":"4017","Nome":"Floriano Peixoto","Estado":"23"},{"ID":"4018","Nome":"Fontoura Xavier","Estado":"23"},{"ID":"4019","Nome":"Formigueiro","Estado":"23"},{"ID":"4020","Nome":"Forquetinha","Estado":"23"},{"ID":"4021","Nome":"Fortaleza dos Valos","Estado":"23"},{"ID":"4022","Nome":"Frederico Westphalen","Estado":"23"},{"ID":"4023","Nome":"Garibaldi","Estado":"23"},{"ID":"4024","Nome":"Garruchos","Estado":"23"},{"ID":"4025","Nome":"Gaurama","Estado":"23"},{"ID":"4026","Nome":"General Câmara","Estado":"23"},{"ID":"4027","Nome":"Gentil","Estado":"23"},{"ID":"4028","Nome":"Getúlio Vargas","Estado":"23"},{"ID":"4029","Nome":"Giruá","Estado":"23"},{"ID":"4030","Nome":"Glorinha","Estado":"23"},{"ID":"4031","Nome":"Gramado","Estado":"23"},{"ID":"4032","Nome":"Gramado dos Loureiros","Estado":"23"},{"ID":"4033","Nome":"Gramado Xavier","Estado":"23"},{"ID":"4034","Nome":"Gravataí","Estado":"23"},{"ID":"4035","Nome":"Guabiju","Estado":"23"},{"ID":"4036","Nome":"Guaíba","Estado":"23"},{"ID":"4037","Nome":"Guaporé","Estado":"23"},{"ID":"4038","Nome":"Guarani das Missões","Estado":"23"},{"ID":"4039","Nome":"Harmonia","Estado":"23"},{"ID":"4040","Nome":"Herval","Estado":"23"},{"ID":"4041","Nome":"Herveiras","Estado":"23"},{"ID":"4042","Nome":"Horizontina","Estado":"23"},{"ID":"4043","Nome":"Hulha Negra","Estado":"23"},{"ID":"4044","Nome":"Humaitá","Estado":"23"},{"ID":"4045","Nome":"Ibarama","Estado":"23"},{"ID":"4046","Nome":"Ibiaçá","Estado":"23"},{"ID":"4047","Nome":"Ibiraiaras","Estado":"23"},{"ID":"4048","Nome":"Ibirapuitã","Estado":"23"},{"ID":"4049","Nome":"Ibirubá","Estado":"23"},{"ID":"4050","Nome":"Igrejinha","Estado":"23"},{"ID":"4051","Nome":"Ijuí","Estado":"23"},{"ID":"4052","Nome":"Ilópolis","Estado":"23"},{"ID":"4053","Nome":"Imbé","Estado":"23"},{"ID":"4054","Nome":"Imigrante","Estado":"23"},{"ID":"4055","Nome":"Independência","Estado":"23"},{"ID":"4056","Nome":"Inhacorá","Estado":"23"},{"ID":"4057","Nome":"Ipê","Estado":"23"},{"ID":"4058","Nome":"Ipiranga do Sul","Estado":"23"},{"ID":"4059","Nome":"Iraí","Estado":"23"},{"ID":"4060","Nome":"Itaara","Estado":"23"},{"ID":"4061","Nome":"Itacurubi","Estado":"23"},{"ID":"4062","Nome":"Itapuca","Estado":"23"},{"ID":"4063","Nome":"Itaqui","Estado":"23"},{"ID":"4064","Nome":"Itati","Estado":"23"},{"ID":"4065","Nome":"Itatiba do Sul","Estado":"23"},{"ID":"4066","Nome":"Ivorá","Estado":"23"},{"ID":"4067","Nome":"Ivoti","Estado":"23"},{"ID":"4068","Nome":"Jaboticaba","Estado":"23"},{"ID":"4069","Nome":"Jacuizinho","Estado":"23"},{"ID":"4070","Nome":"Jacutinga","Estado":"23"},{"ID":"4071","Nome":"Jaguarão","Estado":"23"},{"ID":"4072","Nome":"Jaguari","Estado":"23"},{"ID":"4073","Nome":"Jaquirana","Estado":"23"},{"ID":"4074","Nome":"Jari","Estado":"23"},{"ID":"4075","Nome":"Jóia","Estado":"23"},{"ID":"4076","Nome":"Júlio de Castilhos","Estado":"23"},{"ID":"4077","Nome":"Lagoa Bonita do Sul","Estado":"23"},{"ID":"4078","Nome":"Lagoa dos Três Cantos","Estado":"23"},{"ID":"4079","Nome":"Lagoa Vermelha","Estado":"23"},{"ID":"4080","Nome":"Lagoão","Estado":"23"},{"ID":"4081","Nome":"Lajeado","Estado":"23"},{"ID":"4082","Nome":"Lajeado do Bugre","Estado":"23"},{"ID":"4083","Nome":"Lavras do Sul","Estado":"23"},{"ID":"4084","Nome":"Liberato Salzano","Estado":"23"},{"ID":"4085","Nome":"Lindolfo Collor","Estado":"23"},{"ID":"4086","Nome":"Linha Nova","Estado":"23"},{"ID":"4087","Nome":"Maçambara","Estado":"23"},{"ID":"4088","Nome":"Machadinho","Estado":"23"},{"ID":"4089","Nome":"Mampituba","Estado":"23"},{"ID":"4090","Nome":"Manoel Viana","Estado":"23"},{"ID":"4091","Nome":"Maquiné","Estado":"23"},{"ID":"4092","Nome":"Maratá","Estado":"23"},{"ID":"4093","Nome":"Marau","Estado":"23"},{"ID":"4094","Nome":"Marcelino Ramos","Estado":"23"},{"ID":"4095","Nome":"Mariana Pimentel","Estado":"23"},{"ID":"4096","Nome":"Mariano Moro","Estado":"23"},{"ID":"4097","Nome":"Marques de Souza","Estado":"23"},{"ID":"4098","Nome":"Mata","Estado":"23"},{"ID":"4099","Nome":"Mato Castelhano","Estado":"23"},{"ID":"4100","Nome":"Mato Leitão","Estado":"23"},{"ID":"4101","Nome":"Mato Queimado","Estado":"23"},{"ID":"4102","Nome":"Maximiliano de Almeida","Estado":"23"},{"ID":"4103","Nome":"Minas do Leão","Estado":"23"},{"ID":"4104","Nome":"Miraguaí","Estado":"23"},{"ID":"4105","Nome":"Montauri","Estado":"23"},{"ID":"4106","Nome":"Monte Alegre dos Campos","Estado":"23"},{"ID":"4107","Nome":"Monte Belo do Sul","Estado":"23"},{"ID":"4108","Nome":"Montenegro","Estado":"23"},{"ID":"4109","Nome":"Mormaço","Estado":"23"},{"ID":"4110","Nome":"Morrinhos do Sul","Estado":"23"},{"ID":"4111","Nome":"Morro Redondo","Estado":"23"},{"ID":"4112","Nome":"Morro Reuter","Estado":"23"},{"ID":"4113","Nome":"Mostardas","Estado":"23"},{"ID":"4114","Nome":"Muçum","Estado":"23"},{"ID":"4115","Nome":"Muitos Capões","Estado":"23"},{"ID":"4116","Nome":"Muliterno","Estado":"23"},{"ID":"4117","Nome":"Não-Me-Toque","Estado":"23"},{"ID":"4118","Nome":"Nicolau Vergueiro","Estado":"23"},{"ID":"4119","Nome":"Nonoai","Estado":"23"},{"ID":"4120","Nome":"Nova Alvorada","Estado":"23"},{"ID":"4121","Nome":"Nova Araçá","Estado":"23"},{"ID":"4122","Nome":"Nova Bassano","Estado":"23"},{"ID":"4123","Nome":"Nova Boa Vista","Estado":"23"},{"ID":"4124","Nome":"Nova Bréscia","Estado":"23"},{"ID":"4125","Nome":"Nova Candelária","Estado":"23"},{"ID":"4126","Nome":"Nova Esperança do Sul","Estado":"23"},{"ID":"4127","Nome":"Nova Hartz","Estado":"23"},{"ID":"4128","Nome":"Nova Pádua","Estado":"23"},{"ID":"4129","Nome":"Nova Palma","Estado":"23"},{"ID":"4130","Nome":"Nova Petrópolis","Estado":"23"},{"ID":"4131","Nome":"Nova Prata","Estado":"23"},{"ID":"4132","Nome":"Nova Ramada","Estado":"23"},{"ID":"4133","Nome":"Nova Roma do Sul","Estado":"23"},{"ID":"4134","Nome":"Nova Santa Rita","Estado":"23"},{"ID":"4135","Nome":"Novo Barreiro","Estado":"23"},{"ID":"4136","Nome":"Novo Cabrais","Estado":"23"},{"ID":"4137","Nome":"Novo Hamburgo","Estado":"23"},{"ID":"4138","Nome":"Novo Machado","Estado":"23"},{"ID":"4139","Nome":"Novo Tiradentes","Estado":"23"},{"ID":"4140","Nome":"Novo Xingu","Estado":"23"},{"ID":"4141","Nome":"Osório","Estado":"23"},{"ID":"4142","Nome":"Paim Filho","Estado":"23"},{"ID":"4143","Nome":"Palmares do Sul","Estado":"23"},{"ID":"4144","Nome":"Palmeira das Missões","Estado":"23"},{"ID":"4145","Nome":"Palmitinho","Estado":"23"},{"ID":"4146","Nome":"Panambi","Estado":"23"},{"ID":"4147","Nome":"Pantano Grande","Estado":"23"},{"ID":"4148","Nome":"Paraí","Estado":"23"},{"ID":"4149","Nome":"Paraíso do Sul","Estado":"23"},{"ID":"4150","Nome":"Pareci Novo","Estado":"23"},{"ID":"4151","Nome":"Parobé","Estado":"23"},{"ID":"4152","Nome":"Passa Sete","Estado":"23"},{"ID":"4153","Nome":"Passo do Sobrado","Estado":"23"},{"ID":"4154","Nome":"Passo Fundo","Estado":"23"},{"ID":"4155","Nome":"Paulo Bento","Estado":"23"},{"ID":"4156","Nome":"Paverama","Estado":"23"},{"ID":"4157","Nome":"Pedras Altas","Estado":"23"},{"ID":"4158","Nome":"Pedro Osório","Estado":"23"},{"ID":"4159","Nome":"Pejuçara","Estado":"23"},{"ID":"4160","Nome":"Pelotas","Estado":"23"},{"ID":"4161","Nome":"Picada Café","Estado":"23"},{"ID":"4162","Nome":"Pinhal","Estado":"23"},{"ID":"4163","Nome":"Pinhal da Serra","Estado":"23"},{"ID":"4164","Nome":"Pinhal Grande","Estado":"23"},{"ID":"4165","Nome":"Pinheirinho do Vale","Estado":"23"},{"ID":"4166","Nome":"Pinheiro Machado","Estado":"23"},{"ID":"4167","Nome":"Pirapó","Estado":"23"},{"ID":"4168","Nome":"Piratini","Estado":"23"},{"ID":"4169","Nome":"Planalto","Estado":"23"},{"ID":"4170","Nome":"Poço das Antas","Estado":"23"},{"ID":"4171","Nome":"Pontão","Estado":"23"},{"ID":"4172","Nome":"Ponte Preta","Estado":"23"},{"ID":"4173","Nome":"Portão","Estado":"23"},{"ID":"4174","Nome":"Porto Alegre","Estado":"23"},{"ID":"4175","Nome":"Porto Lucena","Estado":"23"},{"ID":"4176","Nome":"Porto Mauá","Estado":"23"},{"ID":"4177","Nome":"Porto Vera Cruz","Estado":"23"},{"ID":"4178","Nome":"Porto Xavier","Estado":"23"},{"ID":"4179","Nome":"Pouso Novo","Estado":"23"},{"ID":"4180","Nome":"Presidente Lucena","Estado":"23"},{"ID":"4181","Nome":"Progresso","Estado":"23"},{"ID":"4182","Nome":"Protásio Alves","Estado":"23"},{"ID":"4183","Nome":"Putinga","Estado":"23"},{"ID":"4184","Nome":"Quaraí","Estado":"23"},{"ID":"4185","Nome":"Quatro Irmãos","Estado":"23"},{"ID":"4186","Nome":"Quevedos","Estado":"23"},{"ID":"4187","Nome":"Quinze de Novembro","Estado":"23"},{"ID":"4188","Nome":"Redentora","Estado":"23"},{"ID":"4189","Nome":"Relvado","Estado":"23"},{"ID":"4190","Nome":"Restinga Seca","Estado":"23"},{"ID":"4191","Nome":"Rio dos Índios","Estado":"23"},{"ID":"4192","Nome":"Rio Grande","Estado":"23"},{"ID":"4193","Nome":"Rio Pardo","Estado":"23"},{"ID":"4194","Nome":"Riozinho","Estado":"23"},{"ID":"4195","Nome":"Roca Sales","Estado":"23"},{"ID":"4196","Nome":"Rodeio Bonito","Estado":"23"},{"ID":"4197","Nome":"Rolador","Estado":"23"},{"ID":"4198","Nome":"Rolante","Estado":"23"},{"ID":"4199","Nome":"Ronda Alta","Estado":"23"},{"ID":"4200","Nome":"Rondinha","Estado":"23"},{"ID":"4201","Nome":"Roque Gonzales","Estado":"23"},{"ID":"4202","Nome":"Rosário do Sul","Estado":"23"},{"ID":"4203","Nome":"Sagrada Família","Estado":"23"},{"ID":"4204","Nome":"Saldanha Marinho","Estado":"23"},{"ID":"4205","Nome":"Salto do Jacuí","Estado":"23"},{"ID":"4206","Nome":"Salvador das Missões","Estado":"23"},{"ID":"4207","Nome":"Salvador do Sul","Estado":"23"},{"ID":"4208","Nome":"Sananduva","Estado":"23"},{"ID":"4209","Nome":"Santa Bárbara do Sul","Estado":"23"},{"ID":"4210","Nome":"Santa Cecília do Sul","Estado":"23"},{"ID":"4211","Nome":"Santa Clara do Sul","Estado":"23"},{"ID":"4212","Nome":"Santa Cruz do Sul","Estado":"23"},{"ID":"4213","Nome":"Santa Margarida do Sul","Estado":"23"},{"ID":"4214","Nome":"Santa Maria","Estado":"23"},{"ID":"4215","Nome":"Santa Maria do Herval","Estado":"23"},{"ID":"4216","Nome":"Santa Rosa","Estado":"23"},{"ID":"4217","Nome":"Santa Tereza","Estado":"23"},{"ID":"4218","Nome":"Santa Vitória do Palmar","Estado":"23"},{"ID":"4219","Nome":"Santana da Boa Vista","Estado":"23"},{"ID":"4220","Nome":"Santana do Livramento","Estado":"23"},{"ID":"4221","Nome":"Santiago","Estado":"23"},{"ID":"4222","Nome":"Santo Ângelo","Estado":"23"},{"ID":"4223","Nome":"Santo Antônio da Patrulha","Estado":"23"},{"ID":"4224","Nome":"Santo Antônio das Missões","Estado":"23"},{"ID":"4225","Nome":"Santo Antônio do Palma","Estado":"23"},{"ID":"4226","Nome":"Santo Antônio do Planalto","Estado":"23"},{"ID":"4227","Nome":"Santo Augusto","Estado":"23"},{"ID":"4228","Nome":"Santo Cristo","Estado":"23"},{"ID":"4229","Nome":"Santo Expedito do Sul","Estado":"23"},{"ID":"4230","Nome":"São Borja","Estado":"23"},{"ID":"4231","Nome":"São Domingos do Sul","Estado":"23"},{"ID":"4232","Nome":"São Francisco de Assis","Estado":"23"},{"ID":"4233","Nome":"São Francisco de Paula","Estado":"23"},{"ID":"4234","Nome":"São Gabriel","Estado":"23"},{"ID":"4235","Nome":"São Jerônimo","Estado":"23"},{"ID":"4236","Nome":"São João da Urtiga","Estado":"23"},{"ID":"4237","Nome":"São João do Polêsine","Estado":"23"},{"ID":"4238","Nome":"São Jorge","Estado":"23"},{"ID":"4239","Nome":"São José das Missões","Estado":"23"},{"ID":"4240","Nome":"São José do Herval","Estado":"23"},{"ID":"4241","Nome":"São José do Hortêncio","Estado":"23"},{"ID":"4242","Nome":"São José do Inhacorá","Estado":"23"},{"ID":"4243","Nome":"São José do Norte","Estado":"23"},{"ID":"4244","Nome":"São José do Ouro","Estado":"23"},{"ID":"4245","Nome":"São José do Sul","Estado":"23"},{"ID":"4246","Nome":"São José dos Ausentes","Estado":"23"},{"ID":"4247","Nome":"São Leopoldo","Estado":"23"},{"ID":"4248","Nome":"São Lourenço do Sul","Estado":"23"},{"ID":"4249","Nome":"São Luiz Gonzaga","Estado":"23"},{"ID":"4250","Nome":"São Marcos","Estado":"23"},{"ID":"4251","Nome":"São Martinho","Estado":"23"},{"ID":"4252","Nome":"São Martinho da Serra","Estado":"23"},{"ID":"4253","Nome":"São Miguel das Missões","Estado":"23"},{"ID":"4254","Nome":"São Nicolau","Estado":"23"},{"ID":"4255","Nome":"São Paulo das Missões","Estado":"23"},{"ID":"4256","Nome":"São Pedro da Serra","Estado":"23"},{"ID":"4257","Nome":"São Pedro das Missões","Estado":"23"},{"ID":"4258","Nome":"São Pedro do Butiá","Estado":"23"},{"ID":"4259","Nome":"São Pedro do Sul","Estado":"23"},{"ID":"4260","Nome":"São Sebastião do Caí","Estado":"23"},{"ID":"4261","Nome":"São Sepé","Estado":"23"},{"ID":"4262","Nome":"São Valentim","Estado":"23"},{"ID":"4263","Nome":"São Valentim do Sul","Estado":"23"},{"ID":"4264","Nome":"São Valério do Sul","Estado":"23"},{"ID":"4265","Nome":"São Vendelino","Estado":"23"},{"ID":"4266","Nome":"São Vicente do Sul","Estado":"23"},{"ID":"4267","Nome":"Sapiranga","Estado":"23"},{"ID":"4268","Nome":"Sapucaia do Sul","Estado":"23"},{"ID":"4269","Nome":"Sarandi","Estado":"23"},{"ID":"4270","Nome":"Seberi","Estado":"23"},{"ID":"4271","Nome":"Sede Nova","Estado":"23"},{"ID":"4272","Nome":"Segredo","Estado":"23"},{"ID":"4273","Nome":"Selbach","Estado":"23"},{"ID":"4274","Nome":"Senador Salgado Filho","Estado":"23"},{"ID":"4275","Nome":"Sentinela do Sul","Estado":"23"},{"ID":"4276","Nome":"Serafina Corrêa","Estado":"23"},{"ID":"4277","Nome":"Sério","Estado":"23"},{"ID":"4278","Nome":"Sertão","Estado":"23"},{"ID":"4279","Nome":"Sertão Santana","Estado":"23"},{"ID":"4280","Nome":"Sete de Setembro","Estado":"23"},{"ID":"4281","Nome":"Severiano de Almeida","Estado":"23"},{"ID":"4282","Nome":"Silveira Martins","Estado":"23"},{"ID":"4283","Nome":"Sinimbu","Estado":"23"},{"ID":"4284","Nome":"Sobradinho","Estado":"23"},{"ID":"4285","Nome":"Soledade","Estado":"23"},{"ID":"4286","Nome":"Tabaí","Estado":"23"},{"ID":"4287","Nome":"Tapejara","Estado":"23"},{"ID":"4288","Nome":"Tapera","Estado":"23"},{"ID":"4289","Nome":"Tapes","Estado":"23"},{"ID":"4290","Nome":"Taquara","Estado":"23"},{"ID":"4291","Nome":"Taquari","Estado":"23"},{"ID":"4292","Nome":"Taquaruçu do Sul","Estado":"23"},{"ID":"4293","Nome":"Tavares","Estado":"23"},{"ID":"4294","Nome":"Tenente Portela","Estado":"23"},{"ID":"4295","Nome":"Terra de Areia","Estado":"23"},{"ID":"4296","Nome":"Teutônia","Estado":"23"},{"ID":"4297","Nome":"Tio Hugo","Estado":"23"},{"ID":"4298","Nome":"Tiradentes do Sul","Estado":"23"},{"ID":"4299","Nome":"Toropi","Estado":"23"},{"ID":"4300","Nome":"Torres","Estado":"23"},{"ID":"4301","Nome":"Tramandaí","Estado":"23"},{"ID":"4302","Nome":"Travesseiro","Estado":"23"},{"ID":"4303","Nome":"Três Arroios","Estado":"23"},{"ID":"4304","Nome":"Três Cachoeiras","Estado":"23"},{"ID":"4305","Nome":"Três Coroas","Estado":"23"},{"ID":"4306","Nome":"Três de Maio","Estado":"23"},{"ID":"4307","Nome":"Três Forquilhas","Estado":"23"},{"ID":"4308","Nome":"Três Palmeiras","Estado":"23"},{"ID":"4309","Nome":"Três Passos","Estado":"23"},{"ID":"4310","Nome":"Trindade do Sul","Estado":"23"},{"ID":"4311","Nome":"Triunfo","Estado":"23"},{"ID":"4312","Nome":"Tucunduva","Estado":"23"},{"ID":"4313","Nome":"Tunas","Estado":"23"},{"ID":"4314","Nome":"Tupanci do Sul","Estado":"23"},{"ID":"4315","Nome":"Tupanciretã","Estado":"23"},{"ID":"4316","Nome":"Tupandi","Estado":"23"},{"ID":"4317","Nome":"Tuparendi","Estado":"23"},{"ID":"4318","Nome":"Turuçu","Estado":"23"},{"ID":"4319","Nome":"Ubiretama","Estado":"23"},{"ID":"4320","Nome":"União da Serra","Estado":"23"},{"ID":"4321","Nome":"Unistalda","Estado":"23"},{"ID":"4322","Nome":"Uruguaiana","Estado":"23"},{"ID":"4323","Nome":"Vacaria","Estado":"23"},{"ID":"4324","Nome":"Vale do Sol","Estado":"23"},{"ID":"4325","Nome":"Vale Real","Estado":"23"},{"ID":"4326","Nome":"Vale Verde","Estado":"23"},{"ID":"4327","Nome":"Vanini","Estado":"23"},{"ID":"4328","Nome":"Venâncio Aires","Estado":"23"},{"ID":"4329","Nome":"Vera Cruz","Estado":"23"},{"ID":"4330","Nome":"Veranópolis","Estado":"23"},{"ID":"4331","Nome":"Vespasiano Correa","Estado":"23"},{"ID":"4332","Nome":"Viadutos","Estado":"23"},{"ID":"4333","Nome":"Viamão","Estado":"23"},{"ID":"4334","Nome":"Vicente Dutra","Estado":"23"},{"ID":"4335","Nome":"Victor Graeff","Estado":"23"},{"ID":"4336","Nome":"Vila Flores","Estado":"23"},{"ID":"4337","Nome":"Vila Lângaro","Estado":"23"},{"ID":"4338","Nome":"Vila Maria","Estado":"23"},{"ID":"4339","Nome":"Vila Nova do Sul","Estado":"23"},{"ID":"4340","Nome":"Vista Alegre","Estado":"23"},{"ID":"4341","Nome":"Vista Alegre do Prata","Estado":"23"},{"ID":"4342","Nome":"Vista Gaúcha","Estado":"23"},{"ID":"4343","Nome":"Vitória das Missões","Estado":"23"},{"ID":"4344","Nome":"Westfália","Estado":"23"},{"ID":"4345","Nome":"Xangri-lá","Estado":"23"}]