[{"ID":"4413","Nome":"Abdon Batista","Estado":"24"},{"ID":"4414","Nome":"Abelardo Luz","Estado":"24"},{"ID":"4415","Nome":"Agrolândia","Estado":"24"},{"ID":"4416","Nome":"Agronômica","Estado":"24"},{"ID":"4417","Nome":"Água Doce","Estado":"24"},{"ID":"4418","Nome":"Águas de Chapecó","Estado":"24"},{"ID":"4419","Nome":"Águas Frias","Estado":"24"},{"ID":"4420","Nome":"Águas Mornas","Estado":"24"},{"ID":"4421","Nome":"Alfredo Wagner","Estado":"24"},{"ID":"4422","Nome":"Alto Bela Vista","Estado":"24"},{"ID":"4423","Nome":"Anchieta","Estado":"24"},{"ID":"4424","Nome":"Angelina","Estado":"24"},{"ID":"4425","Nome":"Anita Garibaldi","Estado":"24"},{"ID":"4426","Nome":"Anitápolis","Estado":"24"},{"ID":"4427","Nome":"Antônio Carlos","Estado":"24"},{"ID":"4428","Nome":"Apiúna","Estado":"24"},{"ID":"4429","Nome":"Arabutã","Estado":"24"},{"ID":"4430","Nome":"Araquari","Estado":"24"},{"ID":"4431","Nome":"Araranguá","Estado":"24"},{"ID":"4432","Nome":"Armazém","Estado":"24"},{"ID":"4433","Nome":"Arroio Trinta","Estado":"24"},{"ID":"4434","Nome":"Arvoredo","Estado":"24"},{"ID":"4435","Nome":"Ascurra","Estado":"24"},{"ID":"4436","Nome":"Atalanta","Estado":"24"},{"ID":"4437","Nome":"Aurora","Estado":"24"},{"ID":"4438","Nome":"Balneário Arroio do Silva","Estado":"24"},{"ID":"4439","Nome":"Balneário Barra do Sul","Estado":"24"},{"ID":"4440","Nome":"Balneário Camboriú","Estado":"24"},{"ID":"4441","Nome":"Balneário Gaivota","Estado":"24"},{"ID":"4442","Nome":"Bandeirante","Estado":"24"},{"ID":"4443","Nome":"Barra Bonita","Estado":"24"},{"ID":"4444","Nome":"Barra Velha","Estado":"24"},{"ID":"4445","Nome":"Bela Vista do Toldo","Estado":"24"},{"ID":"4446","Nome":"Belmonte","Estado":"24"},{"ID":"4447","Nome":"Benedito Novo","Estado":"24"},{"ID":"4448","Nome":"Biguaçu","Estado":"24"},{"ID":"4449","Nome":"Blumenau","Estado":"24"},{"ID":"4450","Nome":"Bocaina do Sul","Estado":"24"},{"ID":"4451","Nome":"Bom Jardim da Serra","Estado":"24"},{"ID":"4452","Nome":"Bom Jesus","Estado":"24"},{"ID":"4453","Nome":"Bom Jesus do Oeste","Estado":"24"},{"ID":"4454","Nome":"Bom Retiro","Estado":"24"},{"ID":"4455","Nome":"Bombinhas","Estado":"24"},{"ID":"4456","Nome":"Botuverá","Estado":"24"},{"ID":"4457","Nome":"Braço do Norte","Estado":"24"},{"ID":"4458","Nome":"Braço do Trombudo","Estado":"24"},{"ID":"4459","Nome":"Brunópolis","Estado":"24"},{"ID":"4460","Nome":"Brusque","Estado":"24"},{"ID":"4461","Nome":"Caçador","Estado":"24"},{"ID":"4462","Nome":"Caibi","Estado":"24"},{"ID":"4463","Nome":"Calmon","Estado":"24"},{"ID":"4464","Nome":"Camboriú","Estado":"24"},{"ID":"4465","Nome":"Campo Alegre","Estado":"24"},{"ID":"4466","Nome":"Campo Belo do Sul","Estado":"24"},{"ID":"4467","Nome":"Campo Erê","Estado":"24"},{"ID":"4468","Nome":"Campos Novos","Estado":"24"},{"ID":"4469","Nome":"Canelinha","Estado":"24"},{"ID":"4470","Nome":"Canoinhas","Estado":"24"},{"ID":"4471","Nome":"Capão Alto","Estado":"24"},{"ID":"4472","Nome":"Capinzal","Estado":"24"},{"ID":"4473","Nome":"Capivari de Baixo","Estado":"24"},{"ID":"4474","Nome":"Catanduvas","Estado":"24"},{"ID":"4475","Nome":"Caxambu do Sul","Estado":"24"},{"ID":"4476","Nome":"Celso Ramos","Estado":"24"},{"ID":"4477","Nome":"Cerro Negro","Estado":"24"},{"ID":"4478","Nome":"Chapadão do Lageado","Estado":"24"},{"ID":"4479","Nome":"Chapecó","Estado":"24"},{"ID":"4480","Nome":"Cocal do Sul","Estado":"24"},{"ID":"4481","Nome":"Concórdia","Estado":"24"},{"ID":"4482","Nome":"Cordilheira Alta","Estado":"24"},{"ID":"4483","Nome":"Coronel Freitas","Estado":"24"},{"ID":"4484","Nome":"Coronel Martins","Estado":"24"},{"ID":"4485","Nome":"Correia Pinto","Estado":"24"},{"ID":"4486","Nome":"Corupá","Estado":"24"},{"ID":"4487","Nome":"Criciúma","Estado":"24"},{"ID":"4488","Nome":"Cunha Porã","Estado":"24"},{"ID":"4489","Nome":"Cunhataí","Estado":"24"},{"ID":"4490","Nome":"Curitibanos","Estado":"24"},{"ID":"4491","Nome":"Descanso","Estado":"24"},{"ID":"4492","Nome":"Dionísio Cerqueira","Estado":"24"},{"ID":"4493","Nome":"Dona Emma","Estado":"24"},{"ID":"4494","Nome":"Doutor Pedrinho","Estado":"24"},{"ID":"4495","Nome":"Entre Rios","Estado":"24"},{"ID":"4496","Nome":"Ermo","Estado":"24"},{"ID":"4497","Nome":"Erval Velho","Estado":"24"},{"ID":"4498","Nome":"Faxinal dos Guedes","Estado":"24"},{"ID":"4499","Nome":"Flor do Sertão","Estado":"24"},{"ID":"4500","Nome":"Florianópolis","Estado":"24"},{"ID":"4501","Nome":"Formosa do Sul","Estado":"24"},{"ID":"4502","Nome":"Forquilhinha","Estado":"24"},{"ID":"4503","Nome":"Fraiburgo","Estado":"24"},{"ID":"4504","Nome":"Frei Rogério","Estado":"24"},{"ID":"4505","Nome":"Galvão","Estado":"24"},{"ID":"4506","Nome":"Garopaba","Estado":"24"},{"ID":"4507","Nome":"Garuva","Estado":"24"},{"ID":"4508","Nome":"Gaspar","Estado":"24"},{"ID":"4509","Nome":"Governador Celso Ramos","Estado":"24"},{"ID":"4510","Nome":"Grão Pará","Estado":"24"},{"ID":"4511","Nome":"Gravatal","Estado":"24"},{"ID":"4512","Nome":"Guabiruba","Estado":"24"},{"ID":"4513","Nome":"Guaraciaba","Estado":"24"},{"ID":"4514","Nome":"Guaramirim","Estado":"24"},{"ID":"4515","Nome":"Guarujá do Sul","Estado":"24"},{"ID":"4516","Nome":"Guatambú","Estado":"24"},{"ID":"4517","Nome":"Herval d`Oeste","Estado":"24"},{"ID":"4518","Nome":"Ibiam","Estado":"24"},{"ID":"4519","Nome":"Ibicaré","Estado":"24"},{"ID":"4520","Nome":"Ibirama","Estado":"24"},{"ID":"4521","Nome":"Içara","Estado":"24"},{"ID":"4522","Nome":"Ilhota","Estado":"24"},{"ID":"4523","Nome":"Imaruí","Estado":"24"},{"ID":"4524","Nome":"Imbituba","Estado":"24"},{"ID":"4525","Nome":"Imbuia","Estado":"24"},{"ID":"4526","Nome":"Indaial","Estado":"24"},{"ID":"4527","Nome":"Iomerê","Estado":"24"},{"ID":"4528","Nome":"Ipira","Estado":"24"},{"ID":"4529","Nome":"Iporã do Oeste","Estado":"24"},{"ID":"4530","Nome":"Ipuaçu","Estado":"24"},{"ID":"4531","Nome":"Ipumirim","Estado":"24"},{"ID":"4532","Nome":"Iraceminha","Estado":"24"},{"ID":"4533","Nome":"Irani","Estado":"24"},{"ID":"4534","Nome":"Irati","Estado":"24"},{"ID":"4535","Nome":"Irineópolis","Estado":"24"},{"ID":"4536","Nome":"Itá","Estado":"24"},{"ID":"4537","Nome":"Itaiópolis","Estado":"24"},{"ID":"4538","Nome":"Itajaí","Estado":"24"},{"ID":"4539","Nome":"Itapema","Estado":"24"},{"ID":"4540","Nome":"Itapiranga","Estado":"24"},{"ID":"4541","Nome":"Itapoá","Estado":"24"},{"ID":"4542","Nome":"Ituporanga","Estado":"24"},{"ID":"4543","Nome":"Jaborá","Estado":"24"},{"ID":"4544","Nome":"Jacinto Machado","Estado":"24"},{"ID":"4545","Nome":"Jaguaruna","Estado":"24"},{"ID":"4546","Nome":"Jaraguá do Sul","Estado":"24"},{"ID":"4547","Nome":"Jardinópolis","Estado":"24"},{"ID":"4548","Nome":"Joaçaba","Estado":"24"},{"ID":"4549","Nome":"Joinville","Estado":"24"},{"ID":"4550","Nome":"José Boiteux","Estado":"24"},{"ID":"4551","Nome":"Jupiá","Estado":"24"},{"ID":"4552","Nome":"Lacerdópolis","Estado":"24"},{"ID":"4553","Nome":"Lages","Estado":"24"},{"ID":"4554","Nome":"Laguna","Estado":"24"},{"ID":"4555","Nome":"Lajeado Grande","Estado":"24"},{"ID":"4556","Nome":"Laurentino","Estado":"24"},{"ID":"4557","Nome":"Lauro Muller","Estado":"24"},{"ID":"4558","Nome":"Lebon Régis","Estado":"24"},{"ID":"4559","Nome":"Leoberto Leal","Estado":"24"},{"ID":"4560","Nome":"Lindóia do Sul","Estado":"24"},{"ID":"4561","Nome":"Lontras","Estado":"24"},{"ID":"4562","Nome":"Luiz Alves","Estado":"24"},{"ID":"4563","Nome":"Luzerna","Estado":"24"},{"ID":"4564","Nome":"Macieira","Estado":"24"},{"ID":"4565","Nome":"Mafra","Estado":"24"},{"ID":"4566","Nome":"Major Gercino","Estado":"24"},{"ID":"4567","Nome":"Major Vieira","Estado":"24"},{"ID":"4568","Nome":"Maracajá","Estado":"24"},{"ID":"4569","Nome":"Maravilha","Estado":"24"},{"ID":"4570","Nome":"Marema","Estado":"24"},{"ID":"4571","Nome":"Massaranduba","Estado":"24"},{"ID":"4572","Nome":"Matos Costa","Estado":"24"},{"ID":"4573","Nome":"Meleiro","Estado":"24"},{"ID":"4574","Nome":"Mirim Doce","Estado":"24"},{"ID":"4575","Nome":"Modelo","Estado":"24"},{"ID":"4576","Nome":"Mondaí","Estado":"24"},{"ID":"4577","Nome":"Monte Carlo","Estado":"24"},{"ID":"4578","Nome":"Monte Castelo","Estado":"24"},{"ID":"4579","Nome":"Morro da Fumaça","Estado":"24"},{"ID":"4580","Nome":"Morro Grande","Estado":"24"},{"ID":"4581","Nome":"Navegantes","Estado":"24"},{"ID":"4582","Nome":"Nova Erechim","Estado":"24"},{"ID":"4583","Nome":"Nova Itaberaba","Estado":"24"},{"ID":"4584","Nome":"Nova Trento","Estado":"24"},{"ID":"4585","Nome":"Nova Veneza","Estado":"24"},{"ID":"4586","Nome":"Novo Horizonte","Estado":"24"},{"ID":"4587","Nome":"Orleans","Estado":"24"},{"ID":"4588","Nome":"Otacílio Costa","Estado":"24"},{"ID":"4589","Nome":"Ouro","Estado":"24"},{"ID":"4590","Nome":"Ouro Verde","Estado":"24"},{"ID":"4591","Nome":"Paial","Estado":"24"},{"ID":"4592","Nome":"Painel","Estado":"24"},{"ID":"4593","Nome":"Palhoça","Estado":"24"},{"ID":"4594","Nome":"Palma Sola","Estado":"24"},{"ID":"4595","Nome":"Palmeira","Estado":"24"},{"ID":"4596","Nome":"Palmitos","Estado":"24"},{"ID":"4597","Nome":"Papanduva","Estado":"24"},{"ID":"4598","Nome":"Paraíso","Estado":"24"},{"ID":"4599","Nome":"Passo de Torres","Estado":"24"},{"ID":"4600","Nome":"Passos Maia","Estado":"24"},{"ID":"4601","Nome":"Paulo Lopes","Estado":"24"},{"ID":"4602","Nome":"Pedras Grandes","Estado":"24"},{"ID":"4603","Nome":"Penha","Estado":"24"},{"ID":"4604","Nome":"Peritiba","Estado":"24"},{"ID":"4605","Nome":"Petrolândia","Estado":"24"},{"ID":"4606","Nome":"Piçarras","Estado":"24"},{"ID":"4607","Nome":"Pinhalzinho","Estado":"24"},{"ID":"4608","Nome":"Pinheiro Preto","Estado":"24"},{"ID":"4609","Nome":"Piratuba","Estado":"24"},{"ID":"4610","Nome":"Planalto Alegre","Estado":"24"},{"ID":"4611","Nome":"Pomerode","Estado":"24"},{"ID":"4612","Nome":"Ponte Alta","Estado":"24"},{"ID":"4613","Nome":"Ponte Alta do Norte","Estado":"24"},{"ID":"4614","Nome":"Ponte Serrada","Estado":"24"},{"ID":"4615","Nome":"Porto Belo","Estado":"24"},{"ID":"4616","Nome":"Porto União","Estado":"24"},{"ID":"4617","Nome":"Pouso Redondo","Estado":"24"},{"ID":"4618","Nome":"Praia Grande","Estado":"24"},{"ID":"4619","Nome":"Presidente Castelo Branco","Estado":"24"},{"ID":"4620","Nome":"Presidente Getúlio","Estado":"24"},{"ID":"4621","Nome":"Presidente Nereu","Estado":"24"},{"ID":"4622","Nome":"Princesa","Estado":"24"},{"ID":"4623","Nome":"Quilombo","Estado":"24"},{"ID":"4624","Nome":"Rancho Queimado","Estado":"24"},{"ID":"4625","Nome":"Rio das Antas","Estado":"24"},{"ID":"4626","Nome":"Rio do Campo","Estado":"24"},{"ID":"4627","Nome":"Rio do Oeste","Estado":"24"},{"ID":"4628","Nome":"Rio do Sul","Estado":"24"},{"ID":"4629","Nome":"Rio dos Cedros","Estado":"24"},{"ID":"4630","Nome":"Rio Fortuna","Estado":"24"},{"ID":"4631","Nome":"Rio Negrinho","Estado":"24"},{"ID":"4632","Nome":"Rio Rufino","Estado":"24"},{"ID":"4633","Nome":"Riqueza","Estado":"24"},{"ID":"4634","Nome":"Rodeio","Estado":"24"},{"ID":"4635","Nome":"Romelândia","Estado":"24"},{"ID":"4636","Nome":"Salete","Estado":"24"},{"ID":"4637","Nome":"Saltinho","Estado":"24"},{"ID":"4638","Nome":"Salto Veloso","Estado":"24"},{"ID":"4639","Nome":"Sangão","Estado":"24"},{"ID":"4640","Nome":"Santa Cecília","Estado":"24"},{"ID":"4641","Nome":"Santa Helena","Estado":"24"},{"ID":"4642","Nome":"Santa Rosa de Lima","Estado":"24"},{"ID":"4643","Nome":"Santa Rosa do Sul","Estado":"24"},{"ID":"4644","Nome":"Santa Terezinha","Estado":"24"},{"ID":"4645","Nome":"Santa Terezinha do Progresso","Estado":"24"},{"ID":"4646","Nome":"Santiago do Sul","Estado":"24"},{"ID":"4647","Nome":"Santo Amaro da Imperatriz","Estado":"24"},{"ID":"4648","Nome":"São Bento do Sul","Estado":"24"},{"ID":"4649","Nome":"São Bernardino","Estado":"24"},{"ID":"4650","Nome":"São Bonifácio","Estado":"24"},{"ID":"4651","Nome":"São Carlos","Estado":"24"},{"ID":"4652","Nome":"São Cristovão do Sul","Estado":"24"},{"ID":"4653","Nome":"São Domingos","Estado":"24"},{"ID":"4654","Nome":"São Francisco do Sul","Estado":"24"},{"ID":"4655","Nome":"São João Batista","Estado":"24"},{"ID":"4656","Nome":"São João do Itaperiú","Estado":"24"},{"ID":"4657","Nome":"São João do Oeste","Estado":"24"},{"ID":"4658","Nome":"São João do Sul","Estado":"24"},{"ID":"4659","Nome":"São Joaquim","Estado":"24"},{"ID":"4660","Nome":"São José","Estado":"24"},{"ID":"4661","Nome":"São José do Cedro","Estado":"24"},{"ID":"4662","Nome":"São José do Cerrito","Estado":"24"},{"ID":"4663","Nome":"São Lourenço do Oeste","Estado":"24"},{"ID":"4664","Nome":"São Ludgero","Estado":"24"},{"ID":"4665","Nome":"São Martinho","Estado":"24"},{"ID":"4666","Nome":"São Miguel da Boa Vista","Estado":"24"},{"ID":"4667","Nome":"São Miguel do Oeste","Estado":"24"},{"ID":"4668","Nome":"São Pedro de Alcântara","Estado":"24"},{"ID":"4669","Nome":"Saudades","Estado":"24"},{"ID":"4670","Nome":"Schroeder","Estado":"24"},{"ID":"4671","Nome":"Seara","Estado":"24"},{"ID":"4672","Nome":"Serra Alta","Estado":"24"},{"ID":"4673","Nome":"Siderópolis","Estado":"24"},{"ID":"4674","Nome":"Sombrio","Estado":"24"},{"ID":"4675","Nome":"Sul Brasil","Estado":"24"},{"ID":"4676","Nome":"Taió","Estado":"24"},{"ID":"4677","Nome":"Tangará","Estado":"24"},{"ID":"4678","Nome":"Tigrinhos","Estado":"24"},{"ID":"4679","Nome":"Tijucas","Estado":"24"},{"ID":"4680","Nome":"Timbé do Sul","Estado":"24"},{"ID":"4681","Nome":"Timbó","Estado":"24"},{"ID":"4682","Nome":"Timbó Grande","Estado":"24"},{"ID":"4683","Nome":"Três Barras","Estado":"24"},{"ID":"4684","Nome":"Treviso","Estado":"24"},{"ID":"4685","Nome":"Treze de Maio","Estado":"24"},{"ID":"4686","Nome":"Treze Tílias","Estado":"24"},{"ID":"4687","Nome":"Trombudo Central","Estado":"24"},{"ID":"4688","Nome":"Tubarão","Estado":"24"},{"ID":"4689","Nome":"Tunápolis","Estado":"24"},{"ID":"4690","Nome":"Turvo","Estado":"24"},{"ID":"4691","Nome":"União do Oeste","Estado":"24"},{"ID":"4692","Nome":"Urubici","Estado":"24"},{"ID":"4693","Nome":"Urupema","Estado":"24"},{"ID":"4694","Nome":"Urussanga","Estado":"24"},{"ID":"4695","Nome":"Vargeão","Estado":"24"},{"ID":"4696","Nome":"Vargem","Estado":"24"},{"ID":"4697","Nome":"Vargem Bonita","Estado":"24"},{"ID":"4698","Nome":"Vidal Ramos","Estado":"24"},{"ID":"4699","Nome":"Videira","Estado":"24"},{"ID":"4700","Nome":"Vitor Meireles","Estado":"24"},{"ID":"4701","Nome":"Witmarsum","Estado":"24"},{"ID":"4702","Nome":"Xanxerê","Estado":"24"},{"ID":"4703","Nome":"Xavantina","Estado":"24"},{"ID":"4704","Nome":"Xaxim","Estado":"24"},{"ID":"4705","Nome":"Zortéa","Estado":"24"}]