[{"ID":"5351","Nome":"Amparo de São Francisco","Estado":"25"},{"ID":"5352","Nome":"Aquidabã","Estado":"25"},{"ID":"5353","Nome":"Aracaju","Estado":"25"},{"ID":"5354","Nome":"Arauá","Estado":"25"},{"ID":"5355","Nome":"Areia Branca","Estado":"25"},{"ID":"5356","Nome":"Barra dos Coqueiros","Estado":"25"},{"ID":"5357","Nome":"Boquim","Estado":"25"},{"ID":"5358","Nome":"Brejo Grande","Estado":"25"},{"ID":"5359","Nome":"Campo do Brito","Estado":"25"},{"ID":"5360","Nome":"Canhoba","Estado":"25"},{"ID":"5361","Nome":"Canindé de São Francisco","Estado":"25"},{"ID":"5362","Nome":"Capela","Estado":"25"},{"ID":"5363","Nome":"Carira","Estado":"25"},{"ID":"5364","Nome":"Carmópolis","Estado":"25"},{"ID":"5365","Nome":"Cedro de São João","Estado":"25"},{"ID":"5366","Nome":"Cristinápolis","Estado":"25"},{"ID":"5367","Nome":"Cumbe","Estado":"25"},{"ID":"5368","Nome":"Divina Pastora","Estado":"25"},{"ID":"5369","Nome":"Estância","Estado":"25"},{"ID":"5370","Nome":"Feira Nova","Estado":"25"},{"ID":"5371","Nome":"Frei Paulo","Estado":"25"},{"ID":"5372","Nome":"Gararu","Estado":"25"},{"ID":"5373","Nome":"General Maynard","Estado":"25"},{"ID":"5374","Nome":"Gracho Cardoso","Estado":"25"},{"ID":"5375","Nome":"Ilha das Flores","Estado":"25"},{"ID":"5376","Nome":"Indiaroba","Estado":"25"},{"ID":"5377","Nome":"Itabaiana","Estado":"25"},{"ID":"5378","Nome":"Itabaianinha","Estado":"25"},{"ID":"5379","Nome":"Itabi","Estado":"25"},{"ID":"5380","Nome":"Itaporanga d`Ajuda","Estado":"25"},{"ID":"5381","Nome":"Japaratuba","Estado":"25"},{"ID":"5382","Nome":"Japoatã","Estado":"25"},{"ID":"5383","Nome":"Lagarto","Estado":"25"},{"ID":"5384","Nome":"Laranjeiras","Estado":"25"},{"ID":"5385","Nome":"Macambira","Estado":"25"},{"ID":"5386","Nome":"Malhada dos Bois","Estado":"25"},{"ID":"5387","Nome":"Malhador","Estado":"25"},{"ID":"5388","Nome":"Maruim","Estado":"25"},{"ID":"5389","Nome":"Moita Bonita","Estado":"25"},{"ID":"5390","Nome":"Monte Alegre de Sergipe","Estado":"25"},{"ID":"5391","Nome":"Muribeca","Estado":"25"},{"ID":"5392","Nome":"Neópolis","Estado":"25"},{"ID":"5393","Nome":"Nossa Senhora Aparecida","Estado":"25"},{"ID":"5394","Nome":"Nossa Senhora da Glória","Estado":"25"},{"ID":"5395","Nome":"Nossa Senhora das Dores","Estado":"25"},{"ID":"5396","Nome":"Nossa Senhora de Lourdes","Estado":"25"},{"ID":"5397","Nome":"Nossa Senhora do Socorro","Estado":"25"},{"ID":"5398","Nome":"Pacatuba","Estado":"25"},{"ID":"5399","Nome":"Pedra Mole","Estado":"25"},{"ID":"5400","Nome":"Pedrinhas","Estado":"25"},{"ID":"5401","Nome":"Pinhão","Estado":"25"},{"ID":"5402","Nome":"Pirambu","Estado":"25"},{"ID":"5403","Nome":"Poço Redondo","Estado":"25"},{"ID":"5404","Nome":"Poço Verde","Estado":"25"},{"ID":"5405","Nome":"Porto da Folha","Estado":"25"},{"ID":"5406","Nome":"Propriá","Estado":"25"},{"ID":"5407","Nome":"Riachão do Dantas","Estado":"25"},{"ID":"5408","Nome":"Riachuelo","Estado":"25"},{"ID":"5409","Nome":"Ribeirópolis","Estado":"25"},{"ID":"5410","Nome":"Rosário do Catete","Estado":"25"},{"ID":"5411","Nome":"Salgado","Estado":"25"},{"ID":"5412","Nome":"Santa Luzia do Itanhy","Estado":"25"},{"ID":"5413","Nome":"Santa Rosa de Lima","Estado":"25"},{"ID":"5414","Nome":"Santana do São Francisco","Estado":"25"},{"ID":"5415","Nome":"Santo Amaro das Brotas","Estado":"25"},{"ID":"5416","Nome":"São Cristóvão","Estado":"25"},{"ID":"5417","Nome":"São Domingos","Estado":"25"},{"ID":"5418","Nome":"São Francisco","Estado":"25"},{"ID":"5419","Nome":"São Miguel do Aleixo","Estado":"25"},{"ID":"5420","Nome":"Simão Dias","Estado":"25"},{"ID":"5421","Nome":"Siriri","Estado":"25"},{"ID":"5422","Nome":"Telha","Estado":"25"},{"ID":"5423","Nome":"Tobias Barreto","Estado":"25"},{"ID":"5424","Nome":"Tomar do Geru","Estado":"25"},{"ID":"5425","Nome":"Umbaúba","Estado":"25"}]