[{"ID":"4706","Nome":"Adamantina","Estado":"26"},{"ID":"4707","Nome":"Adolfo","Estado":"26"},{"ID":"4708","Nome":"Aguaí","Estado":"26"},{"ID":"4709","Nome":"Águas da Prata","Estado":"26"},{"ID":"4710","Nome":"Águas de Lindóia","Estado":"26"},{"ID":"4711","Nome":"Águas de Santa Bárbara","Estado":"26"},{"ID":"4712","Nome":"Águas de São Pedro","Estado":"26"},{"ID":"4713","Nome":"Agudos","Estado":"26"},{"ID":"4714","Nome":"Alambari","Estado":"26"},{"ID":"4715","Nome":"Alfredo Marcondes","Estado":"26"},{"ID":"4716","Nome":"Altair","Estado":"26"},{"ID":"4717","Nome":"Altinópolis","Estado":"26"},{"ID":"4718","Nome":"Alto Alegre","Estado":"26"},{"ID":"4719","Nome":"Alumínio","Estado":"26"},{"ID":"4720","Nome":"Álvares Florence","Estado":"26"},{"ID":"4721","Nome":"Álvares Machado","Estado":"26"},{"ID":"4722","Nome":"Álvaro de Carvalho","Estado":"26"},{"ID":"4723","Nome":"Alvinlândia","Estado":"26"},{"ID":"4724","Nome":"Americana","Estado":"26"},{"ID":"4725","Nome":"Américo Brasiliense","Estado":"26"},{"ID":"4726","Nome":"Américo de Campos","Estado":"26"},{"ID":"4727","Nome":"Amparo","Estado":"26"},{"ID":"4728","Nome":"Analândia","Estado":"26"},{"ID":"4729","Nome":"Andradina","Estado":"26"},{"ID":"4730","Nome":"Angatuba","Estado":"26"},{"ID":"4731","Nome":"Anhembi","Estado":"26"},{"ID":"4732","Nome":"Anhumas","Estado":"26"},{"ID":"4733","Nome":"Aparecida","Estado":"26"},{"ID":"4734","Nome":"Aparecida d`Oeste","Estado":"26"},{"ID":"4735","Nome":"Apiaí","Estado":"26"},{"ID":"4736","Nome":"Araçariguama","Estado":"26"},{"ID":"4737","Nome":"Araçatuba","Estado":"26"},{"ID":"4738","Nome":"Araçoiaba da Serra","Estado":"26"},{"ID":"4739","Nome":"Aramina","Estado":"26"},{"ID":"4740","Nome":"Arandu","Estado":"26"},{"ID":"4741","Nome":"Arapeí","Estado":"26"},{"ID":"4742","Nome":"Araraquara","Estado":"26"},{"ID":"4743","Nome":"Araras","Estado":"26"},{"ID":"4744","Nome":"Arco-Íris","Estado":"26"},{"ID":"4745","Nome":"Arealva","Estado":"26"},{"ID":"4746","Nome":"Areias","Estado":"26"},{"ID":"4747","Nome":"Areiópolis","Estado":"26"},{"ID":"4748","Nome":"Ariranha","Estado":"26"},{"ID":"4749","Nome":"Artur Nogueira","Estado":"26"},{"ID":"4750","Nome":"Arujá","Estado":"26"},{"ID":"4751","Nome":"Aspásia","Estado":"26"},{"ID":"4752","Nome":"Assis","Estado":"26"},{"ID":"4753","Nome":"Atibaia","Estado":"26"},{"ID":"4754","Nome":"Auriflama","Estado":"26"},{"ID":"4755","Nome":"Avaí","Estado":"26"},{"ID":"4756","Nome":"Avanhandava","Estado":"26"},{"ID":"4757","Nome":"Avaré","Estado":"26"},{"ID":"4758","Nome":"Bady Bassitt","Estado":"26"},{"ID":"4759","Nome":"Balbinos","Estado":"26"},{"ID":"4760","Nome":"Bálsamo","Estado":"26"},{"ID":"4761","Nome":"Bananal","Estado":"26"},{"ID":"4762","Nome":"Barão de Antonina","Estado":"26"},{"ID":"4763","Nome":"Barbosa","Estado":"26"},{"ID":"4764","Nome":"Bariri","Estado":"26"},{"ID":"4765","Nome":"Barra Bonita","Estado":"26"},{"ID":"4766","Nome":"Barra do Chapéu","Estado":"26"},{"ID":"4767","Nome":"Barra do Turvo","Estado":"26"},{"ID":"4768","Nome":"Barretos","Estado":"26"},{"ID":"4769","Nome":"Barrinha","Estado":"26"},{"ID":"4770","Nome":"Barueri","Estado":"26"},{"ID":"4771","Nome":"Bastos","Estado":"26"},{"ID":"4772","Nome":"Batatais","Estado":"26"},{"ID":"4773","Nome":"Bauru","Estado":"26"},{"ID":"4774","Nome":"Bebedouro","Estado":"26"},{"ID":"4775","Nome":"Bento de Abreu","Estado":"26"},{"ID":"4776","Nome":"Bernardino de Campos","Estado":"26"},{"ID":"4777","Nome":"Bertioga","Estado":"26"},{"ID":"4778","Nome":"Bilac","Estado":"26"},{"ID":"4779","Nome":"Birigui","Estado":"26"},{"ID":"4780","Nome":"Biritiba-Mirim","Estado":"26"},{"ID":"4781","Nome":"Boa Esperança do Sul","Estado":"26"},{"ID":"4782","Nome":"Bocaina","Estado":"26"},{"ID":"4783","Nome":"Bofete","Estado":"26"},{"ID":"4784","Nome":"Boituva","Estado":"26"},{"ID":"4785","Nome":"Bom Jesus dos Perdões","Estado":"26"},{"ID":"4786","Nome":"Bom Sucesso de Itararé","Estado":"26"},{"ID":"4787","Nome":"Borá","Estado":"26"},{"ID":"4788","Nome":"Boracéia","Estado":"26"},{"ID":"4789","Nome":"Borborema","Estado":"26"},{"ID":"4790","Nome":"Borebi","Estado":"26"},{"ID":"4791","Nome":"Botucatu","Estado":"26"},{"ID":"4792","Nome":"Bragança Paulista","Estado":"26"},{"ID":"4793","Nome":"Braúna","Estado":"26"},{"ID":"4794","Nome":"Brejo Alegre","Estado":"26"},{"ID":"4795","Nome":"Brodowski","Estado":"26"},{"ID":"4796","Nome":"Brotas","Estado":"26"},{"ID":"4797","Nome":"Buri","Estado":"26"},{"ID":"4798","Nome":"Buritama","Estado":"26"},{"ID":"4799","Nome":"Buritizal","Estado":"26"},{"ID":"4800","Nome":"Cabrália Paulista","Estado":"26"},{"ID":"4801","Nome":"Cabreúva","Estado":"26"},{"ID":"4802","Nome":"Caçapava","Estado":"26"},{"ID":"4803","Nome":"Cachoeira Paulista","Estado":"26"},{"ID":"4804","Nome":"Caconde","Estado":"26"},{"ID":"4805","Nome":"Cafelândia","Estado":"26"},{"ID":"4806","Nome":"Caiabu","Estado":"26"},{"ID":"4807","Nome":"Caieiras","Estado":"26"},{"ID":"4808","Nome":"Caiuá","Estado":"26"},{"ID":"4809","Nome":"Cajamar","Estado":"26"},{"ID":"4810","Nome":"Cajati","Estado":"26"},{"ID":"4811","Nome":"Cajobi","Estado":"26"},{"ID":"4812","Nome":"Cajuru","Estado":"26"},{"ID":"4813","Nome":"Campina do Monte Alegre","Estado":"26"},{"ID":"4814","Nome":"Campinas","Estado":"26"},{"ID":"4815","Nome":"Campo Limpo Paulista","Estado":"26"},{"ID":"4816","Nome":"Campos do Jordão","Estado":"26"},{"ID":"4817","Nome":"Campos Novos Paulista","Estado":"26"},{"ID":"4818","Nome":"Cananéia","Estado":"26"},{"ID":"4819","Nome":"Canas","Estado":"26"},{"ID":"4820","Nome":"Cândido Mota","Estado":"26"},{"ID":"4821","Nome":"Cândido Rodrigues","Estado":"26"},{"ID":"4822","Nome":"Canitar","Estado":"26"},{"ID":"4823","Nome":"Capão Bonito","Estado":"26"},{"ID":"4824","Nome":"Capela do Alto","Estado":"26"},{"ID":"4825","Nome":"Capivari","Estado":"26"},{"ID":"4826","Nome":"Caraguatatuba","Estado":"26"},{"ID":"4827","Nome":"Carapicuíba","Estado":"26"},{"ID":"4828","Nome":"Cardoso","Estado":"26"},{"ID":"4829","Nome":"Casa Branca","Estado":"26"},{"ID":"4830","Nome":"Cássia dos Coqueiros","Estado":"26"},{"ID":"4831","Nome":"Castilho","Estado":"26"},{"ID":"4832","Nome":"Catanduva","Estado":"26"},{"ID":"4833","Nome":"Catiguá","Estado":"26"},{"ID":"4834","Nome":"Cedral","Estado":"26"},{"ID":"4835","Nome":"Cerqueira César","Estado":"26"},{"ID":"4836","Nome":"Cerquilho","Estado":"26"},{"ID":"4837","Nome":"Cesário Lange","Estado":"26"},{"ID":"4838","Nome":"Charqueada","Estado":"26"},{"ID":"4839","Nome":"Chavantes","Estado":"26"},{"ID":"4840","Nome":"Clementina","Estado":"26"},{"ID":"4841","Nome":"Colina","Estado":"26"},{"ID":"4842","Nome":"Colômbia","Estado":"26"},{"ID":"4843","Nome":"Conchal","Estado":"26"},{"ID":"4844","Nome":"Conchas","Estado":"26"},{"ID":"4845","Nome":"Cordeirópolis","Estado":"26"},{"ID":"4846","Nome":"Coroados","Estado":"26"},{"ID":"4847","Nome":"Coronel Macedo","Estado":"26"},{"ID":"4848","Nome":"Corumbataí","Estado":"26"},{"ID":"4849","Nome":"Cosmópolis","Estado":"26"},{"ID":"4850","Nome":"Cosmorama","Estado":"26"},{"ID":"4851","Nome":"Cotia","Estado":"26"},{"ID":"4852","Nome":"Cravinhos","Estado":"26"},{"ID":"4853","Nome":"Cristais Paulista","Estado":"26"},{"ID":"4854","Nome":"Cruzália","Estado":"26"},{"ID":"4855","Nome":"Cruzeiro","Estado":"26"},{"ID":"4856","Nome":"Cubatão","Estado":"26"},{"ID":"4857","Nome":"Cunha","Estado":"26"},{"ID":"4858","Nome":"Descalvado","Estado":"26"},{"ID":"4859","Nome":"Diadema","Estado":"26"},{"ID":"4860","Nome":"Dirce Reis","Estado":"26"},{"ID":"4861","Nome":"Divinolândia","Estado":"26"},{"ID":"4862","Nome":"Dobrada","Estado":"26"},{"ID":"4863","Nome":"Dois Córregos","Estado":"26"},{"ID":"4864","Nome":"Dolcinópolis","Estado":"26"},{"ID":"4865","Nome":"Dourado","Estado":"26"},{"ID":"4866","Nome":"Dracena","Estado":"26"},{"ID":"4867","Nome":"Duartina","Estado":"26"},{"ID":"4868","Nome":"Dumont","Estado":"26"},{"ID":"4869","Nome":"Echaporã","Estado":"26"},{"ID":"4870","Nome":"Eldorado","Estado":"26"},{"ID":"4871","Nome":"Elias Fausto","Estado":"26"},{"ID":"4872","Nome":"Elisiário","Estado":"26"},{"ID":"4873","Nome":"Embaúba","Estado":"26"},{"ID":"4874","Nome":"Embu","Estado":"26"},{"ID":"4875","Nome":"Embu-Guaçu","Estado":"26"},{"ID":"4876","Nome":"Emilianópolis","Estado":"26"},{"ID":"4877","Nome":"Engenheiro Coelho","Estado":"26"},{"ID":"4878","Nome":"Espírito Santo do Pinhal","Estado":"26"},{"ID":"4879","Nome":"Espírito Santo do Turvo","Estado":"26"},{"ID":"4880","Nome":"Estiva Gerbi","Estado":"26"},{"ID":"4881","Nome":"Estrela d`Oeste","Estado":"26"},{"ID":"4882","Nome":"Estrela do Norte","Estado":"26"},{"ID":"4883","Nome":"Euclides da Cunha Paulista","Estado":"26"},{"ID":"4884","Nome":"Fartura","Estado":"26"},{"ID":"4885","Nome":"Fernando Prestes","Estado":"26"},{"ID":"4886","Nome":"Fernandópolis","Estado":"26"},{"ID":"4887","Nome":"Fernão","Estado":"26"},{"ID":"4888","Nome":"Ferraz de Vasconcelos","Estado":"26"},{"ID":"4889","Nome":"Flora Rica","Estado":"26"},{"ID":"4890","Nome":"Floreal","Estado":"26"},{"ID":"4891","Nome":"Flórida Paulista","Estado":"26"},{"ID":"4892","Nome":"Florínia","Estado":"26"},{"ID":"4893","Nome":"Franca","Estado":"26"},{"ID":"4894","Nome":"Francisco Morato","Estado":"26"},{"ID":"4895","Nome":"Franco da Rocha","Estado":"26"},{"ID":"4896","Nome":"Gabriel Monteiro","Estado":"26"},{"ID":"4897","Nome":"Gália","Estado":"26"},{"ID":"4898","Nome":"Garça","Estado":"26"},{"ID":"4899","Nome":"Gastão Vidigal","Estado":"26"},{"ID":"4900","Nome":"Gavião Peixoto","Estado":"26"},{"ID":"4901","Nome":"General Salgado","Estado":"26"},{"ID":"4902","Nome":"Getulina","Estado":"26"},{"ID":"4903","Nome":"Glicério","Estado":"26"},{"ID":"4904","Nome":"Guaiçara","Estado":"26"},{"ID":"4905","Nome":"Guaimbê","Estado":"26"},{"ID":"4906","Nome":"Guaíra","Estado":"26"},{"ID":"4907","Nome":"Guapiaçu","Estado":"26"},{"ID":"4908","Nome":"Guapiara","Estado":"26"},{"ID":"4909","Nome":"Guará","Estado":"26"},{"ID":"4910","Nome":"Guaraçaí","Estado":"26"},{"ID":"4911","Nome":"Guaraci","Estado":"26"},{"ID":"4912","Nome":"Guarani d`Oeste","Estado":"26"},{"ID":"4913","Nome":"Guarantã","Estado":"26"},{"ID":"4914","Nome":"Guararapes","Estado":"26"},{"ID":"4915","Nome":"Guararema","Estado":"26"},{"ID":"4916","Nome":"Guaratinguetá","Estado":"26"},{"ID":"4917","Nome":"Guareí","Estado":"26"},{"ID":"4918","Nome":"Guariba","Estado":"26"},{"ID":"4919","Nome":"Guarujá","Estado":"26"},{"ID":"4920","Nome":"Guarulhos","Estado":"26"},{"ID":"4921","Nome":"Guatapará","Estado":"26"},{"ID":"4922","Nome":"Guzolândia","Estado":"26"},{"ID":"4923","Nome":"Herculândia","Estado":"26"},{"ID":"4924","Nome":"Holambra","Estado":"26"},{"ID":"4925","Nome":"Hortolândia","Estado":"26"},{"ID":"4926","Nome":"Iacanga","Estado":"26"},{"ID":"4927","Nome":"Iacri","Estado":"26"},{"ID":"4928","Nome":"Iaras","Estado":"26"},{"ID":"4929","Nome":"Ibaté","Estado":"26"},{"ID":"4930","Nome":"Ibirá","Estado":"26"},{"ID":"4931","Nome":"Ibirarema","Estado":"26"},{"ID":"4932","Nome":"Ibitinga","Estado":"26"},{"ID":"4933","Nome":"Ibiúna","Estado":"26"},{"ID":"4934","Nome":"Icém","Estado":"26"},{"ID":"4935","Nome":"Iepê","Estado":"26"},{"ID":"4936","Nome":"Igaraçu do Tietê","Estado":"26"},{"ID":"4937","Nome":"Igarapava","Estado":"26"},{"ID":"4938","Nome":"Igaratá","Estado":"26"},{"ID":"4939","Nome":"Iguape","Estado":"26"},{"ID":"4940","Nome":"Ilha Comprida","Estado":"26"},{"ID":"4941","Nome":"Ilha Solteira","Estado":"26"},{"ID":"4942","Nome":"Ilhabela","Estado":"26"},{"ID":"4943","Nome":"Indaiatuba","Estado":"26"},{"ID":"4944","Nome":"Indiana","Estado":"26"},{"ID":"4945","Nome":"Indiaporã","Estado":"26"},{"ID":"4946","Nome":"Inúbia Paulista","Estado":"26"},{"ID":"4947","Nome":"Ipaussu","Estado":"26"},{"ID":"4948","Nome":"Iperó","Estado":"26"},{"ID":"4949","Nome":"Ipeúna","Estado":"26"},{"ID":"4950","Nome":"Ipiguá","Estado":"26"},{"ID":"4951","Nome":"Iporanga","Estado":"26"},{"ID":"4952","Nome":"Ipuã","Estado":"26"},{"ID":"4953","Nome":"Iracemápolis","Estado":"26"},{"ID":"4954","Nome":"Irapuã","Estado":"26"},{"ID":"4955","Nome":"Irapuru","Estado":"26"},{"ID":"4956","Nome":"Itaberá","Estado":"26"},{"ID":"4957","Nome":"Itaí","Estado":"26"},{"ID":"4958","Nome":"Itajobi","Estado":"26"},{"ID":"4959","Nome":"Itaju","Estado":"26"},{"ID":"4960","Nome":"Itanhaém","Estado":"26"},{"ID":"4961","Nome":"Itaóca","Estado":"26"},{"ID":"4962","Nome":"Itapecerica da Serra","Estado":"26"},{"ID":"4963","Nome":"Itapetininga","Estado":"26"},{"ID":"4964","Nome":"Itapeva","Estado":"26"},{"ID":"4965","Nome":"Itapevi","Estado":"26"},{"ID":"4966","Nome":"Itapira","Estado":"26"},{"ID":"4967","Nome":"Itapirapuã Paulista","Estado":"26"},{"ID":"4968","Nome":"Itápolis","Estado":"26"},{"ID":"4969","Nome":"Itaporanga","Estado":"26"},{"ID":"4970","Nome":"Itapuí","Estado":"26"},{"ID":"4971","Nome":"Itapura","Estado":"26"},{"ID":"4972","Nome":"Itaquaquecetuba","Estado":"26"},{"ID":"4973","Nome":"Itararé","Estado":"26"},{"ID":"4974","Nome":"Itariri","Estado":"26"},{"ID":"4975","Nome":"Itatiba","Estado":"26"},{"ID":"4976","Nome":"Itatinga","Estado":"26"},{"ID":"4977","Nome":"Itirapina","Estado":"26"},{"ID":"4978","Nome":"Itirapuã","Estado":"26"},{"ID":"4979","Nome":"Itobi","Estado":"26"},{"ID":"4980","Nome":"Itu","Estado":"26"},{"ID":"4981","Nome":"Itupeva","Estado":"26"},{"ID":"4982","Nome":"Ituverava","Estado":"26"},{"ID":"4983","Nome":"Jaborandi","Estado":"26"},{"ID":"4984","Nome":"Jaboticabal","Estado":"26"},{"ID":"4985","Nome":"Jacareí","Estado":"26"},{"ID":"4986","Nome":"Jaci","Estado":"26"},{"ID":"4987","Nome":"Jacupiranga","Estado":"26"},{"ID":"4988","Nome":"Jaguariúna","Estado":"26"},{"ID":"4989","Nome":"Jales","Estado":"26"},{"ID":"4990","Nome":"Jambeiro","Estado":"26"},{"ID":"4991","Nome":"Jandira","Estado":"26"},{"ID":"4992","Nome":"Jardinópolis","Estado":"26"},{"ID":"4993","Nome":"Jarinu","Estado":"26"},{"ID":"4994","Nome":"Jaú","Estado":"26"},{"ID":"4995","Nome":"Jeriquara","Estado":"26"},{"ID":"4996","Nome":"Joanópolis","Estado":"26"},{"ID":"4997","Nome":"João Ramalho","Estado":"26"},{"ID":"4998","Nome":"José Bonifácio","Estado":"26"},{"ID":"4999","Nome":"Júlio Mesquita","Estado":"26"},{"ID":"5000","Nome":"Jumirim","Estado":"26"},{"ID":"5001","Nome":"Jundiaí","Estado":"26"},{"ID":"5002","Nome":"Junqueirópolis","Estado":"26"},{"ID":"5003","Nome":"Juquiá","Estado":"26"},{"ID":"5004","Nome":"Juquitiba","Estado":"26"},{"ID":"5005","Nome":"Lagoinha","Estado":"26"},{"ID":"5006","Nome":"Laranjal Paulista","Estado":"26"},{"ID":"5007","Nome":"Lavínia","Estado":"26"},{"ID":"5008","Nome":"Lavrinhas","Estado":"26"},{"ID":"5009","Nome":"Leme","Estado":"26"},{"ID":"5010","Nome":"Lençóis Paulista","Estado":"26"},{"ID":"5011","Nome":"Limeira","Estado":"26"},{"ID":"5012","Nome":"Lindóia","Estado":"26"},{"ID":"5013","Nome":"Lins","Estado":"26"},{"ID":"5014","Nome":"Lorena","Estado":"26"},{"ID":"5015","Nome":"Lourdes","Estado":"26"},{"ID":"5016","Nome":"Louveira","Estado":"26"},{"ID":"5017","Nome":"Lucélia","Estado":"26"},{"ID":"5018","Nome":"Lucianópolis","Estado":"26"},{"ID":"5019","Nome":"Luís Antônio","Estado":"26"},{"ID":"5020","Nome":"Luiziânia","Estado":"26"},{"ID":"5021","Nome":"Lupércio","Estado":"26"},{"ID":"5022","Nome":"Lutécia","Estado":"26"},{"ID":"5023","Nome":"Macatuba","Estado":"26"},{"ID":"5024","Nome":"Macaubal","Estado":"26"},{"ID":"5025","Nome":"Macedônia","Estado":"26"},{"ID":"5026","Nome":"Magda","Estado":"26"},{"ID":"5027","Nome":"Mairinque","Estado":"26"},{"ID":"5028","Nome":"Mairiporã","Estado":"26"},{"ID":"5029","Nome":"Manduri","Estado":"26"},{"ID":"5030","Nome":"Marabá Paulista","Estado":"26"},{"ID":"5031","Nome":"Maracaí","Estado":"26"},{"ID":"5032","Nome":"Marapoama","Estado":"26"},{"ID":"5033","Nome":"Mariápolis","Estado":"26"},{"ID":"5034","Nome":"Marília","Estado":"26"},{"ID":"5035","Nome":"Marinópolis","Estado":"26"},{"ID":"5036","Nome":"Martinópolis","Estado":"26"},{"ID":"5037","Nome":"Matão","Estado":"26"},{"ID":"5038","Nome":"Mauá","Estado":"26"},{"ID":"5039","Nome":"Mendonça","Estado":"26"},{"ID":"5040","Nome":"Meridiano","Estado":"26"},{"ID":"5041","Nome":"Mesópolis","Estado":"26"},{"ID":"5042","Nome":"Miguelópolis","Estado":"26"},{"ID":"5043","Nome":"Mineiros do Tietê","Estado":"26"},{"ID":"5044","Nome":"Mira Estrela","Estado":"26"},{"ID":"5045","Nome":"Miracatu","Estado":"26"},{"ID":"5046","Nome":"Mirandópolis","Estado":"26"},{"ID":"5047","Nome":"Mirante do Paranapanema","Estado":"26"},{"ID":"5048","Nome":"Mirassol","Estado":"26"},{"ID":"5049","Nome":"Mirassolândia","Estado":"26"},{"ID":"5050","Nome":"Mococa","Estado":"26"},{"ID":"5051","Nome":"Mogi das Cruzes","Estado":"26"},{"ID":"5052","Nome":"Mogi Guaçu","Estado":"26"},{"ID":"5053","Nome":"Moji Mirim","Estado":"26"},{"ID":"5054","Nome":"Mombuca","Estado":"26"},{"ID":"5055","Nome":"Monções","Estado":"26"},{"ID":"5056","Nome":"Mongaguá","Estado":"26"},{"ID":"5057","Nome":"Monte Alegre do Sul","Estado":"26"},{"ID":"5058","Nome":"Monte Alto","Estado":"26"},{"ID":"5059","Nome":"Monte Aprazível","Estado":"26"},{"ID":"5060","Nome":"Monte Azul Paulista","Estado":"26"},{"ID":"5061","Nome":"Monte Castelo","Estado":"26"},{"ID":"5062","Nome":"Monte Mor","Estado":"26"},{"ID":"5063","Nome":"Monteiro Lobato","Estado":"26"},{"ID":"5064","Nome":"Morro Agudo","Estado":"26"},{"ID":"5065","Nome":"Morungaba","Estado":"26"},{"ID":"5066","Nome":"Motuca","Estado":"26"},{"ID":"5067","Nome":"Murutinga do Sul","Estado":"26"},{"ID":"5068","Nome":"Nantes","Estado":"26"},{"ID":"5069","Nome":"Narandiba","Estado":"26"},{"ID":"5070","Nome":"Natividade da Serra","Estado":"26"},{"ID":"5071","Nome":"Nazaré Paulista","Estado":"26"},{"ID":"5072","Nome":"Neves Paulista","Estado":"26"},{"ID":"5073","Nome":"Nhandeara","Estado":"26"},{"ID":"5074","Nome":"Nipoã","Estado":"26"},{"ID":"5075","Nome":"Nova Aliança","Estado":"26"},{"ID":"5076","Nome":"Nova Campina","Estado":"26"},{"ID":"5077","Nome":"Nova Canaã Paulista","Estado":"26"},{"ID":"5078","Nome":"Nova Castilho","Estado":"26"},{"ID":"5079","Nome":"Nova Europa","Estado":"26"},{"ID":"5080","Nome":"Nova Granada","Estado":"26"},{"ID":"5081","Nome":"Nova Guataporanga","Estado":"26"},{"ID":"5082","Nome":"Nova Independência","Estado":"26"},{"ID":"5083","Nome":"Nova Luzitânia","Estado":"26"},{"ID":"5084","Nome":"Nova Odessa","Estado":"26"},{"ID":"5085","Nome":"Novais","Estado":"26"},{"ID":"5086","Nome":"Novo Horizonte","Estado":"26"},{"ID":"5087","Nome":"Nuporanga","Estado":"26"},{"ID":"5088","Nome":"Ocauçu","Estado":"26"},{"ID":"5089","Nome":"Óleo","Estado":"26"},{"ID":"5090","Nome":"Olímpia","Estado":"26"},{"ID":"5091","Nome":"Onda Verde","Estado":"26"},{"ID":"5092","Nome":"Oriente","Estado":"26"},{"ID":"5093","Nome":"Orindiúva","Estado":"26"},{"ID":"5094","Nome":"Orlândia","Estado":"26"},{"ID":"5095","Nome":"Osasco","Estado":"26"},{"ID":"5096","Nome":"Oscar Bressane","Estado":"26"},{"ID":"5097","Nome":"Osvaldo Cruz","Estado":"26"},{"ID":"5098","Nome":"Ourinhos","Estado":"26"},{"ID":"5099","Nome":"Ouro Verde","Estado":"26"},{"ID":"5100","Nome":"Ouroeste","Estado":"26"},{"ID":"5101","Nome":"Pacaembu","Estado":"26"},{"ID":"5102","Nome":"Palestina","Estado":"26"},{"ID":"5103","Nome":"Palmares Paulista","Estado":"26"},{"ID":"5104","Nome":"Palmeira d`Oeste","Estado":"26"},{"ID":"5105","Nome":"Palmital","Estado":"26"},{"ID":"5106","Nome":"Panorama","Estado":"26"},{"ID":"5107","Nome":"Paraguaçu Paulista","Estado":"26"},{"ID":"5108","Nome":"Paraibuna","Estado":"26"},{"ID":"5109","Nome":"Paraíso","Estado":"26"},{"ID":"5110","Nome":"Paranapanema","Estado":"26"},{"ID":"5111","Nome":"Paranapuã","Estado":"26"},{"ID":"5112","Nome":"Parapuã","Estado":"26"},{"ID":"5113","Nome":"Pardinho","Estado":"26"},{"ID":"5114","Nome":"Pariquera-Açu","Estado":"26"},{"ID":"5115","Nome":"Parisi","Estado":"26"},{"ID":"5116","Nome":"Patrocínio Paulista","Estado":"26"},{"ID":"5117","Nome":"Paulicéia","Estado":"26"},{"ID":"5118","Nome":"Paulínia","Estado":"26"},{"ID":"5119","Nome":"Paulistânia","Estado":"26"},{"ID":"5120","Nome":"Paulo de Faria","Estado":"26"},{"ID":"5121","Nome":"Pederneiras","Estado":"26"},{"ID":"5122","Nome":"Pedra Bela","Estado":"26"},{"ID":"5123","Nome":"Pedranópolis","Estado":"26"},{"ID":"5124","Nome":"Pedregulho","Estado":"26"},{"ID":"5125","Nome":"Pedreira","Estado":"26"},{"ID":"5126","Nome":"Pedrinhas Paulista","Estado":"26"},{"ID":"5127","Nome":"Pedro de Toledo","Estado":"26"},{"ID":"5128","Nome":"Penápolis","Estado":"26"},{"ID":"5129","Nome":"Pereira Barreto","Estado":"26"},{"ID":"5130","Nome":"Pereiras","Estado":"26"},{"ID":"5131","Nome":"Peruíbe","Estado":"26"},{"ID":"5132","Nome":"Piacatu","Estado":"26"},{"ID":"5133","Nome":"Piedade","Estado":"26"},{"ID":"5134","Nome":"Pilar do Sul","Estado":"26"},{"ID":"5135","Nome":"Pindamonhangaba","Estado":"26"},{"ID":"5136","Nome":"Pindorama","Estado":"26"},{"ID":"5137","Nome":"Pinhalzinho","Estado":"26"},{"ID":"5138","Nome":"Piquerobi","Estado":"26"},{"ID":"5139","Nome":"Piquete","Estado":"26"},{"ID":"5140","Nome":"Piracaia","Estado":"26"},{"ID":"5141","Nome":"Piracicaba","Estado":"26"},{"ID":"5142","Nome":"Piraju","Estado":"26"},{"ID":"5143","Nome":"Pirajuí","Estado":"26"},{"ID":"5144","Nome":"Pirangi","Estado":"26"},{"ID":"5145","Nome":"Pirapora do Bom Jesus","Estado":"26"},{"ID":"5146","Nome":"Pirapozinho","Estado":"26"},{"ID":"5147","Nome":"Pirassununga","Estado":"26"},{"ID":"5148","Nome":"Piratininga","Estado":"26"},{"ID":"5149","Nome":"Pitangueiras","Estado":"26"},{"ID":"5150","Nome":"Planalto","Estado":"26"},{"ID":"5151","Nome":"Platina","Estado":"26"},{"ID":"5152","Nome":"Poá","Estado":"26"},{"ID":"5153","Nome":"Poloni","Estado":"26"},{"ID":"5154","Nome":"Pompéia","Estado":"26"},{"ID":"5155","Nome":"Pongaí","Estado":"26"},{"ID":"5156","Nome":"Pontal","Estado":"26"},{"ID":"5157","Nome":"Pontalinda","Estado":"26"},{"ID":"5158","Nome":"Pontes Gestal","Estado":"26"},{"ID":"5159","Nome":"Populina","Estado":"26"},{"ID":"5160","Nome":"Porangaba","Estado":"26"},{"ID":"5161","Nome":"Porto Feliz","Estado":"26"},{"ID":"5162","Nome":"Porto Ferreira","Estado":"26"},{"ID":"5163","Nome":"Potim","Estado":"26"},{"ID":"5164","Nome":"Potirendaba","Estado":"26"},{"ID":"5165","Nome":"Pracinha","Estado":"26"},{"ID":"5166","Nome":"Pradópolis","Estado":"26"},{"ID":"5167","Nome":"Praia Grande","Estado":"26"},{"ID":"5168","Nome":"Pratânia","Estado":"26"},{"ID":"5169","Nome":"Presidente Alves","Estado":"26"},{"ID":"5170","Nome":"Presidente Bernardes","Estado":"26"},{"ID":"5171","Nome":"Presidente Epitácio","Estado":"26"},{"ID":"5172","Nome":"Presidente Prudente","Estado":"26"},{"ID":"5173","Nome":"Presidente Venceslau","Estado":"26"},{"ID":"5174","Nome":"Promissão","Estado":"26"},{"ID":"5175","Nome":"Quadra","Estado":"26"},{"ID":"5176","Nome":"Quatá","Estado":"26"},{"ID":"5177","Nome":"Queiroz","Estado":"26"},{"ID":"5178","Nome":"Queluz","Estado":"26"},{"ID":"5179","Nome":"Quintana","Estado":"26"},{"ID":"5180","Nome":"Rafard","Estado":"26"},{"ID":"5181","Nome":"Rancharia","Estado":"26"},{"ID":"5182","Nome":"Redenção da Serra","Estado":"26"},{"ID":"5183","Nome":"Regente Feijó","Estado":"26"},{"ID":"5184","Nome":"Reginópolis","Estado":"26"},{"ID":"5185","Nome":"Registro","Estado":"26"},{"ID":"5186","Nome":"Restinga","Estado":"26"},{"ID":"5187","Nome":"Ribeira","Estado":"26"},{"ID":"5188","Nome":"Ribeirão Bonito","Estado":"26"},{"ID":"5189","Nome":"Ribeirão Branco","Estado":"26"},{"ID":"5190","Nome":"Ribeirão Corrente","Estado":"26"},{"ID":"5191","Nome":"Ribeirão do Sul","Estado":"26"},{"ID":"5192","Nome":"Ribeirão dos Índios","Estado":"26"},{"ID":"5193","Nome":"Ribeirão Grande","Estado":"26"},{"ID":"5194","Nome":"Ribeirão Pires","Estado":"26"},{"ID":"5195","Nome":"Ribeirão Preto","Estado":"26"},{"ID":"5196","Nome":"Rifaina","Estado":"26"},{"ID":"5197","Nome":"Rincão","Estado":"26"},{"ID":"5198","Nome":"Rinópolis","Estado":"26"},{"ID":"5199","Nome":"Rio Claro","Estado":"26"},{"ID":"5200","Nome":"Rio das Pedras","Estado":"26"},{"ID":"5201","Nome":"Rio Grande da Serra","Estado":"26"},{"ID":"5202","Nome":"Riolândia","Estado":"26"},{"ID":"5203","Nome":"Riversul","Estado":"26"},{"ID":"5204","Nome":"Rosana","Estado":"26"},{"ID":"5205","Nome":"Roseira","Estado":"26"},{"ID":"5206","Nome":"Rubiácea","Estado":"26"},{"ID":"5207","Nome":"Rubinéia","Estado":"26"},{"ID":"5208","Nome":"Sabino","Estado":"26"},{"ID":"5209","Nome":"Sagres","Estado":"26"},{"ID":"5210","Nome":"Sales","Estado":"26"},{"ID":"5211","Nome":"Sales Oliveira","Estado":"26"},{"ID":"5212","Nome":"Salesópolis","Estado":"26"},{"ID":"5213","Nome":"Salmourão","Estado":"26"},{"ID":"5214","Nome":"Saltinho","Estado":"26"},{"ID":"5215","Nome":"Salto","Estado":"26"},{"ID":"5216","Nome":"Salto de Pirapora","Estado":"26"},{"ID":"5217","Nome":"Salto Grande","Estado":"26"},{"ID":"5218","Nome":"Sandovalina","Estado":"26"},{"ID":"5219","Nome":"Santa Adélia","Estado":"26"},{"ID":"5220","Nome":"Santa Albertina","Estado":"26"},{"ID":"5221","Nome":"Santa Bárbara d`Oeste","Estado":"26"},{"ID":"5222","Nome":"Santa Branca","Estado":"26"},{"ID":"5223","Nome":"Santa Clara d`Oeste","Estado":"26"},{"ID":"5224","Nome":"Santa Cruz da Conceição","Estado":"26"},{"ID":"5225","Nome":"Santa Cruz da Esperança","Estado":"26"},{"ID":"5226","Nome":"Santa Cruz das Palmeiras","Estado":"26"},{"ID":"5227","Nome":"Santa Cruz do Rio Pardo","Estado":"26"},{"ID":"5228","Nome":"Santa Ernestina","Estado":"26"},{"ID":"5229","Nome":"Santa Fé do Sul","Estado":"26"},{"ID":"5230","Nome":"Santa Gertrudes","Estado":"26"},{"ID":"5231","Nome":"Santa Isabel","Estado":"26"},{"ID":"5232","Nome":"Santa Lúcia","Estado":"26"},{"ID":"5233","Nome":"Santa Maria da Serra","Estado":"26"},{"ID":"5234","Nome":"Santa Mercedes","Estado":"26"},{"ID":"5235","Nome":"Santa Rita d`Oeste","Estado":"26"},{"ID":"5236","Nome":"Santa Rita do Passa Quatro","Estado":"26"},{"ID":"5237","Nome":"Santa Rosa de Viterbo","Estado":"26"},{"ID":"5238","Nome":"Santa Salete","Estado":"26"},{"ID":"5239","Nome":"Santana da Ponte Pensa","Estado":"26"},{"ID":"5240","Nome":"Santana de Parnaíba","Estado":"26"},{"ID":"5241","Nome":"Santo Anastácio","Estado":"26"},{"ID":"5242","Nome":"Santo André","Estado":"26"},{"ID":"5243","Nome":"Santo Antônio da Alegria","Estado":"26"},{"ID":"5244","Nome":"Santo Antônio de Posse","Estado":"26"},{"ID":"5245","Nome":"Santo Antônio do Aracanguá","Estado":"26"},{"ID":"5246","Nome":"Santo Antônio do Jardim","Estado":"26"},{"ID":"5247","Nome":"Santo Antônio do Pinhal","Estado":"26"},{"ID":"5248","Nome":"Santo Expedito","Estado":"26"},{"ID":"5249","Nome":"Santópolis do Aguapeí","Estado":"26"},{"ID":"5250","Nome":"Santos","Estado":"26"},{"ID":"5251","Nome":"São Bento do Sapucaí","Estado":"26"},{"ID":"5252","Nome":"São Bernardo do Campo","Estado":"26"},{"ID":"5253","Nome":"São Caetano do Sul","Estado":"26"},{"ID":"5254","Nome":"São Carlos","Estado":"26"},{"ID":"5255","Nome":"São Francisco","Estado":"26"},{"ID":"5256","Nome":"São João da Boa Vista","Estado":"26"},{"ID":"5257","Nome":"São João das Duas Pontes","Estado":"26"},{"ID":"5258","Nome":"São João de Iracema","Estado":"26"},{"ID":"5259","Nome":"São João do Pau d`Alho","Estado":"26"},{"ID":"5260","Nome":"São Joaquim da Barra","Estado":"26"},{"ID":"5261","Nome":"São José da Bela Vista","Estado":"26"},{"ID":"5262","Nome":"São José do Barreiro","Estado":"26"},{"ID":"5263","Nome":"São José do Rio Pardo","Estado":"26"},{"ID":"5264","Nome":"São José do Rio Preto","Estado":"26"},{"ID":"5265","Nome":"São José dos Campos","Estado":"26"},{"ID":"5266","Nome":"São Lourenço da Serra","Estado":"26"},{"ID":"5267","Nome":"São Luís do Paraitinga","Estado":"26"},{"ID":"5268","Nome":"São Manuel","Estado":"26"},{"ID":"5269","Nome":"São Miguel Arcanjo","Estado":"26"},{"ID":"5270","Nome":"São Paulo","Estado":"26"},{"ID":"5271","Nome":"São Pedro","Estado":"26"},{"ID":"5272","Nome":"São Pedro do Turvo","Estado":"26"},{"ID":"5273","Nome":"São Roque","Estado":"26"},{"ID":"5274","Nome":"São Sebastião","Estado":"26"},{"ID":"5275","Nome":"São Sebastião da Grama","Estado":"26"},{"ID":"5276","Nome":"São Simão","Estado":"26"},{"ID":"5277","Nome":"São Vicente","Estado":"26"},{"ID":"5278","Nome":"Sarapuí","Estado":"26"},{"ID":"5279","Nome":"Sarutaiá","Estado":"26"},{"ID":"5280","Nome":"Sebastianópolis do Sul","Estado":"26"},{"ID":"5281","Nome":"Serra Azul","Estado":"26"},{"ID":"5282","Nome":"Serra Negra","Estado":"26"},{"ID":"5283","Nome":"Serrana","Estado":"26"},{"ID":"5284","Nome":"Sertãozinho","Estado":"26"},{"ID":"5285","Nome":"Sete Barras","Estado":"26"},{"ID":"5286","Nome":"Severínia","Estado":"26"},{"ID":"5287","Nome":"Silveiras","Estado":"26"},{"ID":"5288","Nome":"Socorro","Estado":"26"},{"ID":"5289","Nome":"Sorocaba","Estado":"26"},{"ID":"5290","Nome":"Sud Mennucci","Estado":"26"},{"ID":"5291","Nome":"Sumaré","Estado":"26"},{"ID":"5292","Nome":"Suzanápolis","Estado":"26"},{"ID":"5293","Nome":"Suzano","Estado":"26"},{"ID":"5294","Nome":"Tabapuã","Estado":"26"},{"ID":"5295","Nome":"Tabatinga","Estado":"26"},{"ID":"5296","Nome":"Taboão da Serra","Estado":"26"},{"ID":"5297","Nome":"Taciba","Estado":"26"},{"ID":"5298","Nome":"Taguaí","Estado":"26"},{"ID":"5299","Nome":"Taiaçu","Estado":"26"},{"ID":"5300","Nome":"Taiúva","Estado":"26"},{"ID":"5301","Nome":"Tambaú","Estado":"26"},{"ID":"5302","Nome":"Tanabi","Estado":"26"},{"ID":"5303","Nome":"Tapiraí","Estado":"26"},{"ID":"5304","Nome":"Tapiratiba","Estado":"26"},{"ID":"5305","Nome":"Taquaral","Estado":"26"},{"ID":"5306","Nome":"Taquaritinga","Estado":"26"},{"ID":"5307","Nome":"Taquarituba","Estado":"26"},{"ID":"5308","Nome":"Taquarivaí","Estado":"26"},{"ID":"5309","Nome":"Tarabai","Estado":"26"},{"ID":"5310","Nome":"Tarumã","Estado":"26"},{"ID":"5311","Nome":"Tatuí","Estado":"26"},{"ID":"5312","Nome":"Taubaté","Estado":"26"},{"ID":"5313","Nome":"Tejupá","Estado":"26"},{"ID":"5314","Nome":"Teodoro Sampaio","Estado":"26"},{"ID":"5315","Nome":"Terra Roxa","Estado":"26"},{"ID":"5316","Nome":"Tietê","Estado":"26"},{"ID":"5317","Nome":"Timburi","Estado":"26"},{"ID":"5318","Nome":"Torre de Pedra","Estado":"26"},{"ID":"5319","Nome":"Torrinha","Estado":"26"},{"ID":"5320","Nome":"Trabiju","Estado":"26"},{"ID":"5321","Nome":"Tremembé","Estado":"26"},{"ID":"5322","Nome":"Três Fronteiras","Estado":"26"},{"ID":"5323","Nome":"Tuiuti","Estado":"26"},{"ID":"5324","Nome":"Tupã","Estado":"26"},{"ID":"5325","Nome":"Tupi Paulista","Estado":"26"},{"ID":"5326","Nome":"Turiúba","Estado":"26"},{"ID":"5327","Nome":"Turmalina","Estado":"26"},{"ID":"5328","Nome":"Ubarana","Estado":"26"},{"ID":"5329","Nome":"Ubatuba","Estado":"26"},{"ID":"5330","Nome":"Ubirajara","Estado":"26"},{"ID":"5331","Nome":"Uchoa","Estado":"26"},{"ID":"5332","Nome":"União Paulista","Estado":"26"},{"ID":"5333","Nome":"Urânia","Estado":"26"},{"ID":"5334","Nome":"Uru","Estado":"26"},{"ID":"5335","Nome":"Urupês","Estado":"26"},{"ID":"5336","Nome":"Valentim Gentil","Estado":"26"},{"ID":"5337","Nome":"Valinhos","Estado":"26"},{"ID":"5338","Nome":"Valparaíso","Estado":"26"},{"ID":"5339","Nome":"Vargem","Estado":"26"},{"ID":"5340","Nome":"Vargem Grande do Sul","Estado":"26"},{"ID":"5341","Nome":"Vargem Grande Paulista","Estado":"26"},{"ID":"5342","Nome":"Várzea Paulista","Estado":"26"},{"ID":"5343","Nome":"Vera Cruz","Estado":"26"},{"ID":"5344","Nome":"Vinhedo","Estado":"26"},{"ID":"5345","Nome":"Viradouro","Estado":"26"},{"ID":"5346","Nome":"Vista Alegre do Alto","Estado":"26"},{"ID":"5347","Nome":"Vitória Brasil","Estado":"26"},{"ID":"5348","Nome":"Votorantim","Estado":"26"},{"ID":"5349","Nome":"Votuporanga","Estado":"26"},{"ID":"5350","Nome":"Zacarias","Estado":"26"}]