[{"ID":"5426","Nome":"Abreulândia","Estado":"27"},{"ID":"5427","Nome":"Aguiarnópolis","Estado":"27"},{"ID":"5428","Nome":"Aliança do Tocantins","Estado":"27"},{"ID":"5429","Nome":"Almas","Estado":"27"},{"ID":"5430","Nome":"Alvorada","Estado":"27"},{"ID":"5431","Nome":"Ananás","Estado":"27"},{"ID":"5432","Nome":"Angico","Estado":"27"},{"ID":"5433","Nome":"Aparecida do Rio Negro","Estado":"27"},{"ID":"5434","Nome":"Aragominas","Estado":"27"},{"ID":"5435","Nome":"Araguacema","Estado":"27"},{"ID":"5436","Nome":"Araguaçu","Estado":"27"},{"ID":"5437","Nome":"Araguaína","Estado":"27"},{"ID":"5438","Nome":"Araguanã","Estado":"27"},{"ID":"5439","Nome":"Araguatins","Estado":"27"},{"ID":"5440","Nome":"Arapoema","Estado":"27"},{"ID":"5441","Nome":"Arraias","Estado":"27"},{"ID":"5442","Nome":"Augustinópolis","Estado":"27"},{"ID":"5443","Nome":"Aurora do Tocantins","Estado":"27"},{"ID":"5444","Nome":"Axixá do Tocantins","Estado":"27"},{"ID":"5445","Nome":"Babaçulândia","Estado":"27"},{"ID":"5446","Nome":"Bandeirantes do Tocantins","Estado":"27"},{"ID":"5447","Nome":"Barra do Ouro","Estado":"27"},{"ID":"5448","Nome":"Barrolândia","Estado":"27"},{"ID":"5449","Nome":"Bernardo Sayão","Estado":"27"},{"ID":"5450","Nome":"Bom Jesus do Tocantins","Estado":"27"},{"ID":"5451","Nome":"Brasilândia do Tocantins","Estado":"27"},{"ID":"5452","Nome":"Brejinho de Nazaré","Estado":"27"},{"ID":"5453","Nome":"Buriti do Tocantins","Estado":"27"},{"ID":"5454","Nome":"Cachoeirinha","Estado":"27"},{"ID":"5455","Nome":"Campos Lindos","Estado":"27"},{"ID":"5456","Nome":"Cariri do Tocantins","Estado":"27"},{"ID":"5457","Nome":"Carmolândia","Estado":"27"},{"ID":"5458","Nome":"Carrasco Bonito","Estado":"27"},{"ID":"5459","Nome":"Caseara","Estado":"27"},{"ID":"5460","Nome":"Centenário","Estado":"27"},{"ID":"5461","Nome":"Chapada da Natividade","Estado":"27"},{"ID":"5462","Nome":"Chapada de Areia","Estado":"27"},{"ID":"5463","Nome":"Colinas do Tocantins","Estado":"27"},{"ID":"5464","Nome":"Colméia","Estado":"27"},{"ID":"5465","Nome":"Combinado","Estado":"27"},{"ID":"5466","Nome":"Conceição do Tocantins","Estado":"27"},{"ID":"5467","Nome":"Couto de Magalhães","Estado":"27"},{"ID":"5468","Nome":"Cristalândia","Estado":"27"},{"ID":"5469","Nome":"Crixás do Tocantins","Estado":"27"},{"ID":"5470","Nome":"Darcinópolis","Estado":"27"},{"ID":"5471","Nome":"Dianópolis","Estado":"27"},{"ID":"5472","Nome":"Divinópolis do Tocantins","Estado":"27"},{"ID":"5473","Nome":"Dois Irmãos do Tocantins","Estado":"27"},{"ID":"5474","Nome":"Dueré","Estado":"27"},{"ID":"5475","Nome":"Esperantina","Estado":"27"},{"ID":"5476","Nome":"Fátima","Estado":"27"},{"ID":"5477","Nome":"Figueirópolis","Estado":"27"},{"ID":"5478","Nome":"Filadélfia","Estado":"27"},{"ID":"5479","Nome":"Formoso do Araguaia","Estado":"27"},{"ID":"5480","Nome":"Fortaleza do Tabocão","Estado":"27"},{"ID":"5481","Nome":"Goianorte","Estado":"27"},{"ID":"5482","Nome":"Goiatins","Estado":"27"},{"ID":"5483","Nome":"Guaraí","Estado":"27"},{"ID":"5484","Nome":"Gurupi","Estado":"27"},{"ID":"5485","Nome":"Ipueiras","Estado":"27"},{"ID":"5486","Nome":"Itacajá","Estado":"27"},{"ID":"5487","Nome":"Itaguatins","Estado":"27"},{"ID":"5488","Nome":"Itapiratins","Estado":"27"},{"ID":"5489","Nome":"Itaporã do Tocantins","Estado":"27"},{"ID":"5490","Nome":"Jaú do Tocantins","Estado":"27"},{"ID":"5491","Nome":"Juarina","Estado":"27"},{"ID":"5492","Nome":"Lagoa da Confusão","Estado":"27"},{"ID":"5493","Nome":"Lagoa do Tocantins","Estado":"27"},{"ID":"5494","Nome":"Lajeado","Estado":"27"},{"ID":"5495","Nome":"Lavandeira","Estado":"27"},{"ID":"5496","Nome":"Lizarda","Estado":"27"},{"ID":"5497","Nome":"Luzinópolis","Estado":"27"},{"ID":"5498","Nome":"Marianópolis do Tocantins","Estado":"27"},{"ID":"5499","Nome":"Mateiros","Estado":"27"},{"ID":"5500","Nome":"Maurilândia do Tocantins","Estado":"27"},{"ID":"5501","Nome":"Miracema do Tocantins","Estado":"27"},{"ID":"5502","Nome":"Miranorte","Estado":"27"},{"ID":"5503","Nome":"Monte do Carmo","Estado":"27"},{"ID":"5504","Nome":"Monte Santo do Tocantins","Estado":"27"},{"ID":"5505","Nome":"Muricilândia","Estado":"27"},{"ID":"5506","Nome":"Natividade","Estado":"27"},{"ID":"5507","Nome":"Nazaré","Estado":"27"},{"ID":"5508","Nome":"Nova Olinda","Estado":"27"},{"ID":"5509","Nome":"Nova Rosalândia","Estado":"27"},{"ID":"5510","Nome":"Novo Acordo","Estado":"27"},{"ID":"5511","Nome":"Novo Alegre","Estado":"27"},{"ID":"5512","Nome":"Novo Jardim","Estado":"27"},{"ID":"5513","Nome":"Oliveira de Fátima","Estado":"27"},{"ID":"5514","Nome":"Palmas","Estado":"27"},{"ID":"5515","Nome":"Palmeirante","Estado":"27"},{"ID":"5516","Nome":"Palmeiras do Tocantins","Estado":"27"},{"ID":"5517","Nome":"Palmeirópolis","Estado":"27"},{"ID":"5518","Nome":"Paraíso do Tocantins","Estado":"27"},{"ID":"5519","Nome":"Paranã","Estado":"27"},{"ID":"5520","Nome":"Pau d`Arco","Estado":"27"},{"ID":"5521","Nome":"Pedro Afonso","Estado":"27"},{"ID":"5522","Nome":"Peixe","Estado":"27"},{"ID":"5523","Nome":"Pequizeiro","Estado":"27"},{"ID":"5524","Nome":"Pindorama do Tocantins","Estado":"27"},{"ID":"5525","Nome":"Piraquê","Estado":"27"},{"ID":"5526","Nome":"Pium","Estado":"27"},{"ID":"5527","Nome":"Ponte Alta do Bom Jesus","Estado":"27"},{"ID":"5528","Nome":"Ponte Alta do Tocantins","Estado":"27"},{"ID":"5529","Nome":"Porto Alegre do Tocantins","Estado":"27"},{"ID":"5530","Nome":"Porto Nacional","Estado":"27"},{"ID":"5531","Nome":"Praia Norte","Estado":"27"},{"ID":"5532","Nome":"Presidente Kennedy","Estado":"27"},{"ID":"5533","Nome":"Pugmil","Estado":"27"},{"ID":"5534","Nome":"Recursolândia","Estado":"27"},{"ID":"5535","Nome":"Riachinho","Estado":"27"},{"ID":"5536","Nome":"Rio da Conceição","Estado":"27"},{"ID":"5537","Nome":"Rio dos Bois","Estado":"27"},{"ID":"5538","Nome":"Rio Sono","Estado":"27"},{"ID":"5539","Nome":"Sampaio","Estado":"27"},{"ID":"5540","Nome":"Sandolândia","Estado":"27"},{"ID":"5541","Nome":"Santa Fé do Araguaia","Estado":"27"},{"ID":"5542","Nome":"Santa Maria do Tocantins","Estado":"27"},{"ID":"5543","Nome":"Santa Rita do Tocantins","Estado":"27"},{"ID":"5544","Nome":"Santa Rosa do Tocantins","Estado":"27"},{"ID":"5545","Nome":"Santa Tereza do Tocantins","Estado":"27"},{"ID":"5546","Nome":"Santa Terezinha do Tocantins","Estado":"27"},{"ID":"5547","Nome":"São Bento do Tocantins","Estado":"27"},{"ID":"5548","Nome":"São Félix do Tocantins","Estado":"27"},{"ID":"5549","Nome":"São Miguel do Tocantins","Estado":"27"},{"ID":"5550","Nome":"São Salvador do Tocantins","Estado":"27"},{"ID":"5551","Nome":"São Sebastião do Tocantins","Estado":"27"},{"ID":"5552","Nome":"São Valério da Natividade","Estado":"27"},{"ID":"5553","Nome":"Silvanópolis","Estado":"27"},{"ID":"5554","Nome":"Sítio Novo do Tocantins","Estado":"27"},{"ID":"5555","Nome":"Sucupira","Estado":"27"},{"ID":"5556","Nome":"Taguatinga","Estado":"27"},{"ID":"5557","Nome":"Taipas do Tocantins","Estado":"27"},{"ID":"5558","Nome":"Talismã","Estado":"27"},{"ID":"5559","Nome":"Tocantínia","Estado":"27"},{"ID":"5560","Nome":"Tocantinópolis","Estado":"27"},{"ID":"5561","Nome":"Tupirama","Estado":"27"},{"ID":"5562","Nome":"Tupiratins","Estado":"27"},{"ID":"5563","Nome":"Wanderlândia","Estado":"27"},{"ID":"5564","Nome":"Xambioá","Estado":"27"}]